0 verbose cli C:\Program Files\nodejs\node.exe C:\Program Files\nodejs\node_modules\npm\bin\npm-cli.js
1 info using npm@11.13.0
2 info using node@v24.16.0
3 silly config load:file:C:\Program Files\nodejs\node_modules\npm\npmrc
4 silly config load:file:C:\Users\Usuario\Downloads\sistema-cooperativa-export\proyecto-cooperativa\.npmrc
5 silly config load:file:C:\Users\Usuario\.npmrc
6 silly config load:file:C:\Users\Usuario\AppData\Roaming\npm\etc\npmrc
7 verbose title npm install
8 verbose argv "install" "--cache" ".npm-cache" "--no-audit"
9 verbose logfile logs-max:10 dir:C:\Users\Usuario\Downloads\sistema-cooperativa-export\proyecto-cooperativa\.npm-cache\_logs\2026-06-03T00_38_31_336Z-
10 verbose logfile C:\Users\Usuario\Downloads\sistema-cooperativa-export\proyecto-cooperativa\.npm-cache\_logs\2026-06-03T00_38_31_336Z-debug-0.log
11 silly logfile done cleaning log files
12 silly packumentCache heap:2348810240 maxSize:587202560 maxEntrySize:293601280
13 silly idealTree buildDeps
14 silly reify mark retired [
14 silly reify   'C:\\Users\\Usuario\\Downloads\\sistema-cooperativa-export\\proyecto-cooperativa\\node_modules\\acorn'
14 silly reify ]
15 silly reify mark retired [
15 silly reify   'C:\\Users\\Usuario\\Downloads\\sistema-cooperativa-export\\proyecto-cooperativa\\node_modules\\agent-base'
15 silly reify ]
16 silly reify mark retired [
16 silly reify   'C:\\Users\\Usuario\\Downloads\\sistema-cooperativa-export\\proyecto-cooperativa\\node_modules\\acorn-jsx'
16 silly reify ]
17 silly reify mark retired [
17 silly reify   'C:\\Users\\Usuario\\Downloads\\sistema-cooperativa-export\\proyecto-cooperativa\\node_modules\\ajv'
17 silly reify ]
18 silly reify mark retired [
18 silly reify   'C:\\Users\\Usuario\\Downloads\\sistema-cooperativa-export\\proyecto-cooperativa\\node_modules\\ansi-styles'
18 silly reify ]
19 silly reify mark retired [
19 silly reify   'C:\\Users\\Usuario\\Downloads\\sistema-cooperativa-export\\proyecto-cooperativa\\node_modules\\aria-query'
19 silly reify ]
20 silly reify mark retired [
20 silly reify   'C:\\Users\\Usuario\\Downloads\\sistema-cooperativa-export\\proyecto-cooperativa\\node_modules\\argparse'
20 silly reify ]
21 silly reify mark retired [
21 silly reify   'C:\\Users\\Usuario\\Downloads\\sistema-cooperativa-export\\proyecto-cooperativa\\node_modules\\array-includes'
21 silly reify ]
22 silly reify mark retired [
22 silly reify   'C:\\Users\\Usuario\\Downloads\\sistema-cooperativa-export\\proyecto-cooperativa\\node_modules\\array.prototype.findlast'
22 silly reify ]
23 silly reify mark retired [
23 silly reify   'C:\\Users\\Usuario\\Downloads\\sistema-cooperativa-export\\proyecto-cooperativa\\node_modules\\array-buffer-byte-length'
23 silly reify ]
24 silly reify mark retired [
24 silly reify   'C:\\Users\\Usuario\\Downloads\\sistema-cooperativa-export\\proyecto-cooperativa\\node_modules\\array.prototype.findlastindex'
24 silly reify ]
25 silly reify mark retired [
25 silly reify   'C:\\Users\\Usuario\\Downloads\\sistema-cooperativa-export\\proyecto-cooperativa\\node_modules\\array.prototype.flat'
25 silly reify ]
26 silly reify mark retired [
26 silly reify   'C:\\Users\\Usuario\\Downloads\\sistema-cooperativa-export\\proyecto-cooperativa\\node_modules\\array.prototype.flatmap'
26 silly reify ]
27 silly reify mark retired [
27 silly reify   'C:\\Users\\Usuario\\Downloads\\sistema-cooperativa-export\\proyecto-cooperativa\\node_modules\\array.prototype.tosorted'
27 silly reify ]
28 silly reify mark retired [
28 silly reify   'C:\\Users\\Usuario\\Downloads\\sistema-cooperativa-export\\proyecto-cooperativa\\node_modules\\ast-types-flow'
28 silly reify ]
29 silly reify mark retired [
29 silly reify   'C:\\Users\\Usuario\\Downloads\\sistema-cooperativa-export\\proyecto-cooperativa\\node_modules\\available-typed-arrays'
29 silly reify ]
30 silly reify mark retired [
30 silly reify   'C:\\Users\\Usuario\\Downloads\\sistema-cooperativa-export\\proyecto-cooperativa\\node_modules\\async-function'
30 silly reify ]
31 silly reify mark retired [
31 silly reify   'C:\\Users\\Usuario\\Downloads\\sistema-cooperativa-export\\proyecto-cooperativa\\node_modules\\arraybuffer.prototype.slice'
31 silly reify ]
32 silly reify mark retired [
32 silly reify   'C:\\Users\\Usuario\\Downloads\\sistema-cooperativa-export\\proyecto-cooperativa\\node_modules\\axe-core'
32 silly reify ]
33 silly reify mark retired [
33 silly reify   'C:\\Users\\Usuario\\Downloads\\sistema-cooperativa-export\\proyecto-cooperativa\\node_modules\\axobject-query'
33 silly reify ]
34 silly reify mark retired [
34 silly reify   'C:\\Users\\Usuario\\Downloads\\sistema-cooperativa-export\\proyecto-cooperativa\\node_modules\\base64-js'
34 silly reify ]
35 silly reify mark retired [
35 silly reify   'C:\\Users\\Usuario\\Downloads\\sistema-cooperativa-export\\proyecto-cooperativa\\node_modules\\balanced-match'
35 silly reify ]
36 silly reify mark retired [
36 silly reify   'C:\\Users\\Usuario\\Downloads\\sistema-cooperativa-export\\proyecto-cooperativa\\node_modules\\baseline-browser-mapping'
36 silly reify ]
37 silly reify mark retired [
37 silly reify   'C:\\Users\\Usuario\\Downloads\\sistema-cooperativa-export\\proyecto-cooperativa\\node_modules\\bignumber.js'
37 silly reify ]
38 silly reify mark retired [
38 silly reify   'C:\\Users\\Usuario\\Downloads\\sistema-cooperativa-export\\proyecto-cooperativa\\node_modules\\brace-expansion'
38 silly reify ]
39 silly reify mark retired [
39 silly reify   'C:\\Users\\Usuario\\Downloads\\sistema-cooperativa-export\\proyecto-cooperativa\\node_modules\\braces'
39 silly reify ]
40 silly reify mark retired [
40 silly reify   'C:\\Users\\Usuario\\Downloads\\sistema-cooperativa-export\\proyecto-cooperativa\\node_modules\\browserslist'
40 silly reify ]
41 silly reify mark retired [
41 silly reify   'C:\\Users\\Usuario\\Downloads\\sistema-cooperativa-export\\proyecto-cooperativa\\node_modules\\buffer-equal-constant-time'
41 silly reify ]
42 silly reify mark retired [
42 silly reify   'C:\\Users\\Usuario\\Downloads\\sistema-cooperativa-export\\proyecto-cooperativa\\node_modules\\call-bind'
42 silly reify ]
43 silly reify mark retired [
43 silly reify   'C:\\Users\\Usuario\\Downloads\\sistema-cooperativa-export\\proyecto-cooperativa\\node_modules\\call-bind-apply-helpers'
43 silly reify ]
44 silly reify mark retired [
44 silly reify   'C:\\Users\\Usuario\\Downloads\\sistema-cooperativa-export\\proyecto-cooperativa\\node_modules\\call-bound'
44 silly reify ]
45 silly reify mark retired [
45 silly reify   'C:\\Users\\Usuario\\Downloads\\sistema-cooperativa-export\\proyecto-cooperativa\\node_modules\\caniuse-lite'
45 silly reify ]
46 silly reify mark retired [
46 silly reify   'C:\\Users\\Usuario\\Downloads\\sistema-cooperativa-export\\proyecto-cooperativa\\node_modules\\callsites'
46 silly reify ]
47 silly reify mark retired [
47 silly reify   'C:\\Users\\Usuario\\Downloads\\sistema-cooperativa-export\\proyecto-cooperativa\\node_modules\\chalk'
47 silly reify ]
48 silly reify mark retired [
48 silly reify   'C:\\Users\\Usuario\\Downloads\\sistema-cooperativa-export\\proyecto-cooperativa\\node_modules\\client-only'
48 silly reify ]
49 silly reify mark retired [
49 silly reify   'C:\\Users\\Usuario\\Downloads\\sistema-cooperativa-export\\proyecto-cooperativa\\node_modules\\color-convert'
49 silly reify ]
50 silly reify mark retired [
50 silly reify   'C:\\Users\\Usuario\\Downloads\\sistema-cooperativa-export\\proyecto-cooperativa\\node_modules\\color-name'
50 silly reify ]
51 silly reify mark retired [
51 silly reify   'C:\\Users\\Usuario\\Downloads\\sistema-cooperativa-export\\proyecto-cooperativa\\node_modules\\concat-map'
51 silly reify ]
52 silly reify mark retired [
52 silly reify   'C:\\Users\\Usuario\\Downloads\\sistema-cooperativa-export\\proyecto-cooperativa\\node_modules\\convert-source-map'
52 silly reify ]
53 silly reify mark retired [
53 silly reify   'C:\\Users\\Usuario\\Downloads\\sistema-cooperativa-export\\proyecto-cooperativa\\node_modules\\cross-spawn'
53 silly reify ]
54 silly reify mark retired [
54 silly reify   'C:\\Users\\Usuario\\Downloads\\sistema-cooperativa-export\\proyecto-cooperativa\\node_modules\\damerau-levenshtein'
54 silly reify ]
55 silly reify mark retired [
55 silly reify   'C:\\Users\\Usuario\\Downloads\\sistema-cooperativa-export\\proyecto-cooperativa\\node_modules\\data-uri-to-buffer'
55 silly reify ]
56 silly reify mark retired [
56 silly reify   'C:\\Users\\Usuario\\Downloads\\sistema-cooperativa-export\\proyecto-cooperativa\\node_modules\\data-view-buffer'
56 silly reify ]
57 silly reify mark retired [
57 silly reify   'C:\\Users\\Usuario\\Downloads\\sistema-cooperativa-export\\proyecto-cooperativa\\node_modules\\data-view-byte-length'
57 silly reify ]
58 silly reify mark retired [
58 silly reify   'C:\\Users\\Usuario\\Downloads\\sistema-cooperativa-export\\proyecto-cooperativa\\node_modules\\data-view-byte-offset'
58 silly reify ]
59 silly reify mark retired [
59 silly reify   'C:\\Users\\Usuario\\Downloads\\sistema-cooperativa-export\\proyecto-cooperativa\\node_modules\\debug'
59 silly reify ]
60 silly reify mark retired [
60 silly reify   'C:\\Users\\Usuario\\Downloads\\sistema-cooperativa-export\\proyecto-cooperativa\\node_modules\\define-data-property'
60 silly reify ]
61 silly reify mark retired [
61 silly reify   'C:\\Users\\Usuario\\Downloads\\sistema-cooperativa-export\\proyecto-cooperativa\\node_modules\\deep-is'
61 silly reify ]
62 silly reify mark retired [
62 silly reify   'C:\\Users\\Usuario\\Downloads\\sistema-cooperativa-export\\proyecto-cooperativa\\node_modules\\detect-libc'
62 silly reify ]
63 silly reify mark retired [
63 silly reify   'C:\\Users\\Usuario\\Downloads\\sistema-cooperativa-export\\proyecto-cooperativa\\node_modules\\doctrine'
63 silly reify ]
64 silly reify mark retired [
64 silly reify   'C:\\Users\\Usuario\\Downloads\\sistema-cooperativa-export\\proyecto-cooperativa\\node_modules\\ecdsa-sig-formatter'
64 silly reify ]
65 silly reify mark retired [
65 silly reify   'C:\\Users\\Usuario\\Downloads\\sistema-cooperativa-export\\proyecto-cooperativa\\node_modules\\electron-to-chromium'
65 silly reify ]
66 silly reify mark retired [
66 silly reify   'C:\\Users\\Usuario\\Downloads\\sistema-cooperativa-export\\proyecto-cooperativa\\node_modules\\dunder-proto'
66 silly reify ]
67 silly reify mark retired [
67 silly reify   'C:\\Users\\Usuario\\Downloads\\sistema-cooperativa-export\\proyecto-cooperativa\\node_modules\\emoji-regex'
67 silly reify ]
68 silly reify mark retired [
68 silly reify   'C:\\Users\\Usuario\\Downloads\\sistema-cooperativa-export\\proyecto-cooperativa\\node_modules\\es-abstract'
68 silly reify ]
69 silly reify mark retired [
69 silly reify   'C:\\Users\\Usuario\\Downloads\\sistema-cooperativa-export\\proyecto-cooperativa\\node_modules\\define-properties'
69 silly reify ]
70 silly reify mark retired [
70 silly reify   'C:\\Users\\Usuario\\Downloads\\sistema-cooperativa-export\\proyecto-cooperativa\\node_modules\\es-define-property'
70 silly reify ]
71 silly reify mark retired [
71 silly reify   'C:\\Users\\Usuario\\Downloads\\sistema-cooperativa-export\\proyecto-cooperativa\\node_modules\\es-errors'
71 silly reify ]
72 silly reify mark retired [
72 silly reify   'C:\\Users\\Usuario\\Downloads\\sistema-cooperativa-export\\proyecto-cooperativa\\node_modules\\es-iterator-helpers'
72 silly reify ]
73 silly reify mark retired [
73 silly reify   'C:\\Users\\Usuario\\Downloads\\sistema-cooperativa-export\\proyecto-cooperativa\\node_modules\\es-object-atoms'
73 silly reify ]
74 silly reify mark retired [
74 silly reify   'C:\\Users\\Usuario\\Downloads\\sistema-cooperativa-export\\proyecto-cooperativa\\node_modules\\es-set-tostringtag'
74 silly reify ]
75 silly reify mark retired [
75 silly reify   'C:\\Users\\Usuario\\Downloads\\sistema-cooperativa-export\\proyecto-cooperativa\\node_modules\\es-shim-unscopables'
75 silly reify ]
76 silly reify mark retired [
76 silly reify   'C:\\Users\\Usuario\\Downloads\\sistema-cooperativa-export\\proyecto-cooperativa\\node_modules\\escalade'
76 silly reify ]
77 silly reify mark retired [
77 silly reify   'C:\\Users\\Usuario\\Downloads\\sistema-cooperativa-export\\proyecto-cooperativa\\node_modules\\es-to-primitive'
77 silly reify ]
78 silly reify mark retired [
78 silly reify   'C:\\Users\\Usuario\\Downloads\\sistema-cooperativa-export\\proyecto-cooperativa\\node_modules\\escape-string-regexp'
78 silly reify ]
79 silly reify mark retired [
79 silly reify   'C:\\Users\\Usuario\\Downloads\\sistema-cooperativa-export\\proyecto-cooperativa\\node_modules\\eslint'
79 silly reify ]
80 silly reify mark retired [
80 silly reify   'C:\\Users\\Usuario\\Downloads\\sistema-cooperativa-export\\proyecto-cooperativa\\node_modules\\eslint-import-resolver-node'
80 silly reify ]
81 silly reify mark retired [
81 silly reify   'C:\\Users\\Usuario\\Downloads\\sistema-cooperativa-export\\proyecto-cooperativa\\node_modules\\eslint-config-next'
81 silly reify ]
82 silly reify mark retired [
82 silly reify   'C:\\Users\\Usuario\\Downloads\\sistema-cooperativa-export\\proyecto-cooperativa\\node_modules\\eslint-import-resolver-typescript'
82 silly reify ]
83 silly reify mark retired [
83 silly reify   'C:\\Users\\Usuario\\Downloads\\sistema-cooperativa-export\\proyecto-cooperativa\\node_modules\\eslint-module-utils'
83 silly reify ]
84 silly reify mark retired [
84 silly reify   'C:\\Users\\Usuario\\Downloads\\sistema-cooperativa-export\\proyecto-cooperativa\\node_modules\\eslint-plugin-import'
84 silly reify ]
85 silly reify mark retired [
85 silly reify   'C:\\Users\\Usuario\\Downloads\\sistema-cooperativa-export\\proyecto-cooperativa\\node_modules\\eslint-plugin-jsx-a11y'
85 silly reify ]
86 silly reify mark retired [
86 silly reify   'C:\\Users\\Usuario\\Downloads\\sistema-cooperativa-export\\proyecto-cooperativa\\node_modules\\eslint-plugin-react'
86 silly reify ]
87 silly reify mark retired [
87 silly reify   'C:\\Users\\Usuario\\Downloads\\sistema-cooperativa-export\\proyecto-cooperativa\\node_modules\\eslint-plugin-react-hooks'
87 silly reify ]
88 silly reify mark retired [
88 silly reify   'C:\\Users\\Usuario\\Downloads\\sistema-cooperativa-export\\proyecto-cooperativa\\node_modules\\eslint-scope'
88 silly reify ]
89 silly reify mark retired [
89 silly reify   'C:\\Users\\Usuario\\Downloads\\sistema-cooperativa-export\\proyecto-cooperativa\\node_modules\\eslint-visitor-keys'
89 silly reify ]
90 silly reify mark retired [
90 silly reify   'C:\\Users\\Usuario\\Downloads\\sistema-cooperativa-export\\proyecto-cooperativa\\node_modules\\espree'
90 silly reify ]
91 silly reify mark retired [
91 silly reify   'C:\\Users\\Usuario\\Downloads\\sistema-cooperativa-export\\proyecto-cooperativa\\node_modules\\esquery'
91 silly reify ]
92 silly reify mark retired [
92 silly reify   'C:\\Users\\Usuario\\Downloads\\sistema-cooperativa-export\\proyecto-cooperativa\\node_modules\\enhanced-resolve'
92 silly reify ]
93 silly reify mark retired [
93 silly reify   'C:\\Users\\Usuario\\Downloads\\sistema-cooperativa-export\\proyecto-cooperativa\\node_modules\\esrecurse'
93 silly reify ]
94 silly reify mark retired [
94 silly reify   'C:\\Users\\Usuario\\Downloads\\sistema-cooperativa-export\\proyecto-cooperativa\\node_modules\\estraverse'
94 silly reify ]
95 silly reify mark retired [
95 silly reify   'C:\\Users\\Usuario\\Downloads\\sistema-cooperativa-export\\proyecto-cooperativa\\node_modules\\esutils'
95 silly reify ]
96 silly reify mark retired [
96 silly reify   'C:\\Users\\Usuario\\Downloads\\sistema-cooperativa-export\\proyecto-cooperativa\\node_modules\\extend'
96 silly reify ]
97 silly reify mark retired [
97 silly reify   'C:\\Users\\Usuario\\Downloads\\sistema-cooperativa-export\\proyecto-cooperativa\\node_modules\\fast-deep-equal'
97 silly reify ]
98 silly reify mark retired [
98 silly reify   'C:\\Users\\Usuario\\Downloads\\sistema-cooperativa-export\\proyecto-cooperativa\\node_modules\\fast-glob'
98 silly reify ]
99 silly reify mark retired [
99 silly reify   'C:\\Users\\Usuario\\Downloads\\sistema-cooperativa-export\\proyecto-cooperativa\\node_modules\\fast-levenshtein'
99 silly reify ]
100 silly reify mark retired [
100 silly reify   'C:\\Users\\Usuario\\Downloads\\sistema-cooperativa-export\\proyecto-cooperativa\\node_modules\\fast-json-stable-stringify'
100 silly reify ]
101 silly reify mark retired [
101 silly reify   'C:\\Users\\Usuario\\Downloads\\sistema-cooperativa-export\\proyecto-cooperativa\\node_modules\\fastq'
101 silly reify ]
102 silly reify mark retired [
102 silly reify   'C:\\Users\\Usuario\\Downloads\\sistema-cooperativa-export\\proyecto-cooperativa\\node_modules\\fill-range'
102 silly reify ]
103 silly reify mark retired [
103 silly reify   'C:\\Users\\Usuario\\Downloads\\sistema-cooperativa-export\\proyecto-cooperativa\\node_modules\\file-entry-cache'
103 silly reify ]
104 silly reify mark retired [
104 silly reify   'C:\\Users\\Usuario\\Downloads\\sistema-cooperativa-export\\proyecto-cooperativa\\node_modules\\find-up'
104 silly reify ]
105 silly reify mark retired [
105 silly reify   'C:\\Users\\Usuario\\Downloads\\sistema-cooperativa-export\\proyecto-cooperativa\\node_modules\\flat-cache'
105 silly reify ]
106 silly reify mark retired [
106 silly reify   'C:\\Users\\Usuario\\Downloads\\sistema-cooperativa-export\\proyecto-cooperativa\\node_modules\\flatted'
106 silly reify ]
107 silly reify mark retired [
107 silly reify   'C:\\Users\\Usuario\\Downloads\\sistema-cooperativa-export\\proyecto-cooperativa\\node_modules\\for-each'
107 silly reify ]
108 silly reify mark retired [
108 silly reify   'C:\\Users\\Usuario\\Downloads\\sistema-cooperativa-export\\proyecto-cooperativa\\node_modules\\fetch-blob'
108 silly reify ]
109 silly reify mark retired [
109 silly reify   'C:\\Users\\Usuario\\Downloads\\sistema-cooperativa-export\\proyecto-cooperativa\\node_modules\\formdata-polyfill'
109 silly reify ]
110 silly reify mark retired [
110 silly reify   'C:\\Users\\Usuario\\Downloads\\sistema-cooperativa-export\\proyecto-cooperativa\\node_modules\\function.prototype.name'
110 silly reify ]
111 silly reify mark retired [
111 silly reify   'C:\\Users\\Usuario\\Downloads\\sistema-cooperativa-export\\proyecto-cooperativa\\node_modules\\function-bind'
111 silly reify ]
112 silly reify mark retired [
112 silly reify   'C:\\Users\\Usuario\\Downloads\\sistema-cooperativa-export\\proyecto-cooperativa\\node_modules\\gcp-metadata'
112 silly reify ]
113 silly reify mark retired [
113 silly reify   'C:\\Users\\Usuario\\Downloads\\sistema-cooperativa-export\\proyecto-cooperativa\\node_modules\\functions-have-names'
113 silly reify ]
114 silly reify mark retired [
114 silly reify   'C:\\Users\\Usuario\\Downloads\\sistema-cooperativa-export\\proyecto-cooperativa\\node_modules\\generator-function'
114 silly reify ]
115 silly reify mark retired [
115 silly reify   'C:\\Users\\Usuario\\Downloads\\sistema-cooperativa-export\\proyecto-cooperativa\\node_modules\\gensync'
115 silly reify ]
116 silly reify mark retired [
116 silly reify   'C:\\Users\\Usuario\\Downloads\\sistema-cooperativa-export\\proyecto-cooperativa\\node_modules\\get-intrinsic'
116 silly reify ]
117 silly reify mark retired [
117 silly reify   'C:\\Users\\Usuario\\Downloads\\sistema-cooperativa-export\\proyecto-cooperativa\\node_modules\\get-symbol-description'
117 silly reify ]
118 silly reify mark retired [
118 silly reify   'C:\\Users\\Usuario\\Downloads\\sistema-cooperativa-export\\proyecto-cooperativa\\node_modules\\get-tsconfig'
118 silly reify ]
119 silly reify mark retired [
119 silly reify   'C:\\Users\\Usuario\\Downloads\\sistema-cooperativa-export\\proyecto-cooperativa\\node_modules\\glob-parent'
119 silly reify ]
120 silly reify mark retired [
120 silly reify   'C:\\Users\\Usuario\\Downloads\\sistema-cooperativa-export\\proyecto-cooperativa\\node_modules\\globals'
120 silly reify ]
121 silly reify mark retired [
121 silly reify   'C:\\Users\\Usuario\\Downloads\\sistema-cooperativa-export\\proyecto-cooperativa\\node_modules\\globalthis'
121 silly reify ]
122 silly reify mark retired [
122 silly reify   'C:\\Users\\Usuario\\Downloads\\sistema-cooperativa-export\\proyecto-cooperativa\\node_modules\\google-auth-library'
122 silly reify ]
123 silly reify mark retired [
123 silly reify   'C:\\Users\\Usuario\\Downloads\\sistema-cooperativa-export\\proyecto-cooperativa\\node_modules\\google-logging-utils'
123 silly reify ]
124 silly reify mark retired [
124 silly reify   'C:\\Users\\Usuario\\Downloads\\sistema-cooperativa-export\\proyecto-cooperativa\\node_modules\\get-proto'
124 silly reify ]
125 silly reify mark retired [
125 silly reify   'C:\\Users\\Usuario\\Downloads\\sistema-cooperativa-export\\proyecto-cooperativa\\node_modules\\gopd'
125 silly reify ]
126 silly reify mark retired [
126 silly reify   'C:\\Users\\Usuario\\Downloads\\sistema-cooperativa-export\\proyecto-cooperativa\\node_modules\\graceful-fs'
126 silly reify ]
127 silly reify mark retired [
127 silly reify   'C:\\Users\\Usuario\\Downloads\\sistema-cooperativa-export\\proyecto-cooperativa\\node_modules\\has-bigints'
127 silly reify ]
128 silly reify mark retired [
128 silly reify   'C:\\Users\\Usuario\\Downloads\\sistema-cooperativa-export\\proyecto-cooperativa\\node_modules\\has-flag'
128 silly reify ]
129 silly reify mark retired [
129 silly reify   'C:\\Users\\Usuario\\Downloads\\sistema-cooperativa-export\\proyecto-cooperativa\\node_modules\\has-property-descriptors'
129 silly reify ]
130 silly reify mark retired [
130 silly reify   'C:\\Users\\Usuario\\Downloads\\sistema-cooperativa-export\\proyecto-cooperativa\\node_modules\\has-proto'
130 silly reify ]
131 silly reify mark retired [
131 silly reify   'C:\\Users\\Usuario\\Downloads\\sistema-cooperativa-export\\proyecto-cooperativa\\node_modules\\gaxios'
131 silly reify ]
132 silly reify mark retired [
132 silly reify   'C:\\Users\\Usuario\\Downloads\\sistema-cooperativa-export\\proyecto-cooperativa\\node_modules\\has-tostringtag'
132 silly reify ]
133 silly reify mark retired [
133 silly reify   'C:\\Users\\Usuario\\Downloads\\sistema-cooperativa-export\\proyecto-cooperativa\\node_modules\\hasown'
133 silly reify ]
134 silly reify mark retired [
134 silly reify   'C:\\Users\\Usuario\\Downloads\\sistema-cooperativa-export\\proyecto-cooperativa\\node_modules\\hermes-parser'
134 silly reify ]
135 silly reify mark retired [
135 silly reify   'C:\\Users\\Usuario\\Downloads\\sistema-cooperativa-export\\proyecto-cooperativa\\node_modules\\hermes-estree'
135 silly reify ]
136 silly reify mark retired [
136 silly reify   'C:\\Users\\Usuario\\Downloads\\sistema-cooperativa-export\\proyecto-cooperativa\\node_modules\\https-proxy-agent'
136 silly reify ]
137 silly reify mark retired [
137 silly reify   'C:\\Users\\Usuario\\Downloads\\sistema-cooperativa-export\\proyecto-cooperativa\\node_modules\\iceberg-js'
137 silly reify ]
138 silly reify mark retired [
138 silly reify   'C:\\Users\\Usuario\\Downloads\\sistema-cooperativa-export\\proyecto-cooperativa\\node_modules\\ignore'
138 silly reify ]
139 silly reify mark retired [
139 silly reify   'C:\\Users\\Usuario\\Downloads\\sistema-cooperativa-export\\proyecto-cooperativa\\node_modules\\import-fresh'
139 silly reify ]
140 silly reify mark retired [
140 silly reify   'C:\\Users\\Usuario\\Downloads\\sistema-cooperativa-export\\proyecto-cooperativa\\node_modules\\imurmurhash'
140 silly reify ]
141 silly reify mark retired [
141 silly reify   'C:\\Users\\Usuario\\Downloads\\sistema-cooperativa-export\\proyecto-cooperativa\\node_modules\\internal-slot'
141 silly reify ]
142 silly reify mark retired [
142 silly reify   'C:\\Users\\Usuario\\Downloads\\sistema-cooperativa-export\\proyecto-cooperativa\\node_modules\\is-array-buffer'
142 silly reify ]
143 silly reify mark retired [
143 silly reify   'C:\\Users\\Usuario\\Downloads\\sistema-cooperativa-export\\proyecto-cooperativa\\node_modules\\is-async-function'
143 silly reify ]
144 silly reify mark retired [
144 silly reify   'C:\\Users\\Usuario\\Downloads\\sistema-cooperativa-export\\proyecto-cooperativa\\node_modules\\is-boolean-object'
144 silly reify ]
145 silly reify mark retired [
145 silly reify   'C:\\Users\\Usuario\\Downloads\\sistema-cooperativa-export\\proyecto-cooperativa\\node_modules\\is-bigint'
145 silly reify ]
146 silly reify mark retired [
146 silly reify   'C:\\Users\\Usuario\\Downloads\\sistema-cooperativa-export\\proyecto-cooperativa\\node_modules\\is-bun-module'
146 silly reify ]
147 silly reify mark retired [
147 silly reify   'C:\\Users\\Usuario\\Downloads\\sistema-cooperativa-export\\proyecto-cooperativa\\node_modules\\is-callable'
147 silly reify ]
148 silly reify mark retired [
148 silly reify   'C:\\Users\\Usuario\\Downloads\\sistema-cooperativa-export\\proyecto-cooperativa\\node_modules\\is-core-module'
148 silly reify ]
149 silly reify mark retired [
149 silly reify   'C:\\Users\\Usuario\\Downloads\\sistema-cooperativa-export\\proyecto-cooperativa\\node_modules\\has-symbols'
149 silly reify ]
150 silly reify mark retired [
150 silly reify   'C:\\Users\\Usuario\\Downloads\\sistema-cooperativa-export\\proyecto-cooperativa\\node_modules\\is-data-view'
150 silly reify ]
151 silly reify mark retired [
151 silly reify   'C:\\Users\\Usuario\\Downloads\\sistema-cooperativa-export\\proyecto-cooperativa\\node_modules\\is-date-object'
151 silly reify ]
152 silly reify mark retired [
152 silly reify   'C:\\Users\\Usuario\\Downloads\\sistema-cooperativa-export\\proyecto-cooperativa\\node_modules\\is-extglob'
152 silly reify ]
153 silly reify mark retired [
153 silly reify   'C:\\Users\\Usuario\\Downloads\\sistema-cooperativa-export\\proyecto-cooperativa\\node_modules\\is-finalizationregistry'
153 silly reify ]
154 silly reify mark retired [
154 silly reify   'C:\\Users\\Usuario\\Downloads\\sistema-cooperativa-export\\proyecto-cooperativa\\node_modules\\is-generator-function'
154 silly reify ]
155 silly reify mark retired [
155 silly reify   'C:\\Users\\Usuario\\Downloads\\sistema-cooperativa-export\\proyecto-cooperativa\\node_modules\\is-map'
155 silly reify ]
156 silly reify mark retired [
156 silly reify   'C:\\Users\\Usuario\\Downloads\\sistema-cooperativa-export\\proyecto-cooperativa\\node_modules\\is-glob'
156 silly reify ]
157 silly reify mark retired [
157 silly reify   'C:\\Users\\Usuario\\Downloads\\sistema-cooperativa-export\\proyecto-cooperativa\\node_modules\\is-negative-zero'
157 silly reify ]
158 silly reify mark retired [
158 silly reify   'C:\\Users\\Usuario\\Downloads\\sistema-cooperativa-export\\proyecto-cooperativa\\node_modules\\is-number'
158 silly reify ]
159 silly reify mark retired [
159 silly reify   'C:\\Users\\Usuario\\Downloads\\sistema-cooperativa-export\\proyecto-cooperativa\\node_modules\\is-number-object'
159 silly reify ]
160 silly reify mark retired [
160 silly reify   'C:\\Users\\Usuario\\Downloads\\sistema-cooperativa-export\\proyecto-cooperativa\\node_modules\\is-regex'
160 silly reify ]
161 silly reify mark retired [
161 silly reify   'C:\\Users\\Usuario\\Downloads\\sistema-cooperativa-export\\proyecto-cooperativa\\node_modules\\is-set'
161 silly reify ]
162 silly reify mark retired [
162 silly reify   'C:\\Users\\Usuario\\Downloads\\sistema-cooperativa-export\\proyecto-cooperativa\\node_modules\\is-shared-array-buffer'
162 silly reify ]
163 silly reify mark retired [
163 silly reify   'C:\\Users\\Usuario\\Downloads\\sistema-cooperativa-export\\proyecto-cooperativa\\node_modules\\is-string'
163 silly reify ]
164 silly reify mark retired [
164 silly reify   'C:\\Users\\Usuario\\Downloads\\sistema-cooperativa-export\\proyecto-cooperativa\\node_modules\\is-symbol'
164 silly reify ]
165 silly reify mark retired [
165 silly reify   'C:\\Users\\Usuario\\Downloads\\sistema-cooperativa-export\\proyecto-cooperativa\\node_modules\\is-weakmap'
165 silly reify ]
166 silly reify mark retired [
166 silly reify   'C:\\Users\\Usuario\\Downloads\\sistema-cooperativa-export\\proyecto-cooperativa\\node_modules\\is-typed-array'
166 silly reify ]
167 silly reify mark retired [
167 silly reify   'C:\\Users\\Usuario\\Downloads\\sistema-cooperativa-export\\proyecto-cooperativa\\node_modules\\is-weakref'
167 silly reify ]
168 silly reify mark retired [
168 silly reify   'C:\\Users\\Usuario\\Downloads\\sistema-cooperativa-export\\proyecto-cooperativa\\node_modules\\is-weakset'
168 silly reify ]
169 silly reify mark retired [
169 silly reify   'C:\\Users\\Usuario\\Downloads\\sistema-cooperativa-export\\proyecto-cooperativa\\node_modules\\isarray'
169 silly reify ]
170 silly reify mark retired [
170 silly reify   'C:\\Users\\Usuario\\Downloads\\sistema-cooperativa-export\\proyecto-cooperativa\\node_modules\\isexe'
170 silly reify ]
171 silly reify mark retired [
171 silly reify   'C:\\Users\\Usuario\\Downloads\\sistema-cooperativa-export\\proyecto-cooperativa\\node_modules\\iterator.prototype'
171 silly reify ]
172 silly reify mark retired [
172 silly reify   'C:\\Users\\Usuario\\Downloads\\sistema-cooperativa-export\\proyecto-cooperativa\\node_modules\\jiti'
172 silly reify ]
173 silly reify mark retired [
173 silly reify   'C:\\Users\\Usuario\\Downloads\\sistema-cooperativa-export\\proyecto-cooperativa\\node_modules\\js-tokens'
173 silly reify ]
174 silly reify mark retired [
174 silly reify   'C:\\Users\\Usuario\\Downloads\\sistema-cooperativa-export\\proyecto-cooperativa\\node_modules\\js-yaml'
174 silly reify ]
175 silly reify mark retired [
175 silly reify   'C:\\Users\\Usuario\\Downloads\\sistema-cooperativa-export\\proyecto-cooperativa\\node_modules\\json-bigint'
175 silly reify ]
176 silly reify mark retired [
176 silly reify   'C:\\Users\\Usuario\\Downloads\\sistema-cooperativa-export\\proyecto-cooperativa\\node_modules\\jsesc'
176 silly reify ]
177 silly reify mark retired [
177 silly reify   'C:\\Users\\Usuario\\Downloads\\sistema-cooperativa-export\\proyecto-cooperativa\\node_modules\\json-buffer'
177 silly reify ]
178 silly reify mark retired [
178 silly reify   'C:\\Users\\Usuario\\Downloads\\sistema-cooperativa-export\\proyecto-cooperativa\\node_modules\\json-schema-traverse'
178 silly reify ]
179 silly reify mark retired [
179 silly reify   'C:\\Users\\Usuario\\Downloads\\sistema-cooperativa-export\\proyecto-cooperativa\\node_modules\\json5'
179 silly reify ]
180 silly reify mark retired [
180 silly reify   'C:\\Users\\Usuario\\Downloads\\sistema-cooperativa-export\\proyecto-cooperativa\\node_modules\\json-stable-stringify-without-jsonify'
180 silly reify ]
181 silly reify mark retired [
181 silly reify   'C:\\Users\\Usuario\\Downloads\\sistema-cooperativa-export\\proyecto-cooperativa\\node_modules\\jsx-ast-utils'
181 silly reify ]
182 silly reify mark retired [
182 silly reify   'C:\\Users\\Usuario\\Downloads\\sistema-cooperativa-export\\proyecto-cooperativa\\node_modules\\jwa'
182 silly reify ]
183 silly reify mark retired [
183 silly reify   'C:\\Users\\Usuario\\Downloads\\sistema-cooperativa-export\\proyecto-cooperativa\\node_modules\\jws'
183 silly reify ]
184 silly reify mark retired [
184 silly reify   'C:\\Users\\Usuario\\Downloads\\sistema-cooperativa-export\\proyecto-cooperativa\\node_modules\\keyv'
184 silly reify ]
185 silly reify mark retired [
185 silly reify   'C:\\Users\\Usuario\\Downloads\\sistema-cooperativa-export\\proyecto-cooperativa\\node_modules\\language-subtag-registry'
185 silly reify ]
186 silly reify mark retired [
186 silly reify   'C:\\Users\\Usuario\\Downloads\\sistema-cooperativa-export\\proyecto-cooperativa\\node_modules\\language-tags'
186 silly reify ]
187 silly reify mark retired [
187 silly reify   'C:\\Users\\Usuario\\Downloads\\sistema-cooperativa-export\\proyecto-cooperativa\\node_modules\\levn'
187 silly reify ]
188 silly reify mark retired [
188 silly reify   'C:\\Users\\Usuario\\Downloads\\sistema-cooperativa-export\\proyecto-cooperativa\\node_modules\\lightningcss'
188 silly reify ]
189 silly reify mark retired [
189 silly reify   'C:\\Users\\Usuario\\Downloads\\sistema-cooperativa-export\\proyecto-cooperativa\\node_modules\\lightningcss-win32-x64-msvc'
189 silly reify ]
190 silly reify mark retired [
190 silly reify   'C:\\Users\\Usuario\\Downloads\\sistema-cooperativa-export\\proyecto-cooperativa\\node_modules\\locate-path'
190 silly reify ]
191 silly reify mark retired [
191 silly reify   'C:\\Users\\Usuario\\Downloads\\sistema-cooperativa-export\\proyecto-cooperativa\\node_modules\\lodash.merge'
191 silly reify ]
192 silly reify mark retired [
192 silly reify   'C:\\Users\\Usuario\\Downloads\\sistema-cooperativa-export\\proyecto-cooperativa\\node_modules\\loose-envify'
192 silly reify ]
193 silly reify mark retired [
193 silly reify   'C:\\Users\\Usuario\\Downloads\\sistema-cooperativa-export\\proyecto-cooperativa\\node_modules\\lru-cache'
193 silly reify ]
194 silly reify mark retired [
194 silly reify   'C:\\Users\\Usuario\\Downloads\\sistema-cooperativa-export\\proyecto-cooperativa\\node_modules\\long'
194 silly reify ]
195 silly reify mark retired [
195 silly reify   'C:\\Users\\Usuario\\Downloads\\sistema-cooperativa-export\\proyecto-cooperativa\\node_modules\\magic-string'
195 silly reify ]
196 silly reify mark retired [
196 silly reify   'C:\\Users\\Usuario\\Downloads\\sistema-cooperativa-export\\proyecto-cooperativa\\node_modules\\math-intrinsics'
196 silly reify ]
197 silly reify mark retired [
197 silly reify   'C:\\Users\\Usuario\\Downloads\\sistema-cooperativa-export\\proyecto-cooperativa\\node_modules\\merge2'
197 silly reify ]
198 silly reify mark retired [
198 silly reify   'C:\\Users\\Usuario\\Downloads\\sistema-cooperativa-export\\proyecto-cooperativa\\node_modules\\micromatch'
198 silly reify ]
199 silly reify mark retired [
199 silly reify   'C:\\Users\\Usuario\\Downloads\\sistema-cooperativa-export\\proyecto-cooperativa\\node_modules\\minimist'
199 silly reify ]
200 silly reify mark retired [
200 silly reify   'C:\\Users\\Usuario\\Downloads\\sistema-cooperativa-export\\proyecto-cooperativa\\node_modules\\minimatch'
200 silly reify ]
201 silly reify mark retired [
201 silly reify   'C:\\Users\\Usuario\\Downloads\\sistema-cooperativa-export\\proyecto-cooperativa\\node_modules\\ms'
201 silly reify ]
202 silly reify mark retired [
202 silly reify   'C:\\Users\\Usuario\\Downloads\\sistema-cooperativa-export\\proyecto-cooperativa\\node_modules\\nanoid'
202 silly reify ]
203 silly reify mark retired [
203 silly reify   'C:\\Users\\Usuario\\Downloads\\sistema-cooperativa-export\\proyecto-cooperativa\\node_modules\\napi-postinstall'
203 silly reify ]
204 silly reify mark retired [
204 silly reify   'C:\\Users\\Usuario\\Downloads\\sistema-cooperativa-export\\proyecto-cooperativa\\node_modules\\natural-compare'
204 silly reify ]
205 silly reify mark retired [
205 silly reify   'C:\\Users\\Usuario\\Downloads\\sistema-cooperativa-export\\proyecto-cooperativa\\node_modules\\next'
205 silly reify ]
206 silly reify mark retired [
206 silly reify   'C:\\Users\\Usuario\\Downloads\\sistema-cooperativa-export\\proyecto-cooperativa\\node_modules\\node-fetch'
206 silly reify ]
207 silly reify mark retired [
207 silly reify   'C:\\Users\\Usuario\\Downloads\\sistema-cooperativa-export\\proyecto-cooperativa\\node_modules\\node-exports-info'
207 silly reify ]
208 silly reify mark retired [
208 silly reify   'C:\\Users\\Usuario\\Downloads\\sistema-cooperativa-export\\proyecto-cooperativa\\node_modules\\object-assign'
208 silly reify ]
209 silly reify mark retired [
209 silly reify   'C:\\Users\\Usuario\\Downloads\\sistema-cooperativa-export\\proyecto-cooperativa\\node_modules\\node-domexception'
209 silly reify ]
210 silly reify mark retired [
210 silly reify   'C:\\Users\\Usuario\\Downloads\\sistema-cooperativa-export\\proyecto-cooperativa\\node_modules\\node-releases'
210 silly reify ]
211 silly reify mark retired [
211 silly reify   'C:\\Users\\Usuario\\Downloads\\sistema-cooperativa-export\\proyecto-cooperativa\\node_modules\\object-inspect'
211 silly reify ]
212 silly reify mark retired [
212 silly reify   'C:\\Users\\Usuario\\Downloads\\sistema-cooperativa-export\\proyecto-cooperativa\\node_modules\\object.entries'
212 silly reify ]
213 silly reify mark retired [
213 silly reify   'C:\\Users\\Usuario\\Downloads\\sistema-cooperativa-export\\proyecto-cooperativa\\node_modules\\object.assign'
213 silly reify ]
214 silly reify mark retired [
214 silly reify   'C:\\Users\\Usuario\\Downloads\\sistema-cooperativa-export\\proyecto-cooperativa\\node_modules\\object-keys'
214 silly reify ]
215 silly reify mark retired [
215 silly reify   'C:\\Users\\Usuario\\Downloads\\sistema-cooperativa-export\\proyecto-cooperativa\\node_modules\\object.fromentries'
215 silly reify ]
216 silly reify mark retired [
216 silly reify   'C:\\Users\\Usuario\\Downloads\\sistema-cooperativa-export\\proyecto-cooperativa\\node_modules\\object.groupby'
216 silly reify ]
217 silly reify mark retired [
217 silly reify   'C:\\Users\\Usuario\\Downloads\\sistema-cooperativa-export\\proyecto-cooperativa\\node_modules\\object.values'
217 silly reify ]
218 silly reify mark retired [
218 silly reify   'C:\\Users\\Usuario\\Downloads\\sistema-cooperativa-export\\proyecto-cooperativa\\node_modules\\optionator'
218 silly reify ]
219 silly reify mark retired [
219 silly reify   'C:\\Users\\Usuario\\Downloads\\sistema-cooperativa-export\\proyecto-cooperativa\\node_modules\\p-limit'
219 silly reify ]
220 silly reify mark retired [
220 silly reify   'C:\\Users\\Usuario\\Downloads\\sistema-cooperativa-export\\proyecto-cooperativa\\node_modules\\p-locate'
220 silly reify ]
221 silly reify mark retired [
221 silly reify   'C:\\Users\\Usuario\\Downloads\\sistema-cooperativa-export\\proyecto-cooperativa\\node_modules\\p-retry'
221 silly reify ]
222 silly reify mark retired [
222 silly reify   'C:\\Users\\Usuario\\Downloads\\sistema-cooperativa-export\\proyecto-cooperativa\\node_modules\\parent-module'
222 silly reify ]
223 silly reify mark retired [
223 silly reify   'C:\\Users\\Usuario\\Downloads\\sistema-cooperativa-export\\proyecto-cooperativa\\node_modules\\path-exists'
223 silly reify ]
224 silly reify mark retired [
224 silly reify   'C:\\Users\\Usuario\\Downloads\\sistema-cooperativa-export\\proyecto-cooperativa\\node_modules\\path-key'
224 silly reify ]
225 silly reify mark retired [
225 silly reify   'C:\\Users\\Usuario\\Downloads\\sistema-cooperativa-export\\proyecto-cooperativa\\node_modules\\path-parse'
225 silly reify ]
226 silly reify mark retired [
226 silly reify   'C:\\Users\\Usuario\\Downloads\\sistema-cooperativa-export\\proyecto-cooperativa\\node_modules\\picocolors'
226 silly reify ]
227 silly reify mark retired [
227 silly reify   'C:\\Users\\Usuario\\Downloads\\sistema-cooperativa-export\\proyecto-cooperativa\\node_modules\\picomatch'
227 silly reify ]
228 silly reify mark retired [
228 silly reify   'C:\\Users\\Usuario\\Downloads\\sistema-cooperativa-export\\proyecto-cooperativa\\node_modules\\prelude-ls'
228 silly reify ]
229 silly reify mark retired [
229 silly reify   'C:\\Users\\Usuario\\Downloads\\sistema-cooperativa-export\\proyecto-cooperativa\\node_modules\\postcss'
229 silly reify ]
230 silly reify mark retired [
230 silly reify   'C:\\Users\\Usuario\\Downloads\\sistema-cooperativa-export\\proyecto-cooperativa\\node_modules\\prop-types'
230 silly reify ]
231 silly reify mark retired [
231 silly reify   'C:\\Users\\Usuario\\Downloads\\sistema-cooperativa-export\\proyecto-cooperativa\\node_modules\\possible-typed-array-names'
231 silly reify ]
232 silly reify mark retired [
232 silly reify   'C:\\Users\\Usuario\\Downloads\\sistema-cooperativa-export\\proyecto-cooperativa\\node_modules\\punycode'
232 silly reify ]
233 silly reify mark retired [
233 silly reify   'C:\\Users\\Usuario\\Downloads\\sistema-cooperativa-export\\proyecto-cooperativa\\node_modules\\protobufjs'
233 silly reify ]
234 silly reify mark retired [
234 silly reify   'C:\\Users\\Usuario\\Downloads\\sistema-cooperativa-export\\proyecto-cooperativa\\node_modules\\queue-microtask'
234 silly reify ]
235 silly reify mark retired [
235 silly reify   'C:\\Users\\Usuario\\Downloads\\sistema-cooperativa-export\\proyecto-cooperativa\\node_modules\\react'
235 silly reify ]
236 silly reify mark retired [
236 silly reify   'C:\\Users\\Usuario\\Downloads\\sistema-cooperativa-export\\proyecto-cooperativa\\node_modules\\react-is'
236 silly reify ]
237 silly reify mark retired [
237 silly reify   'C:\\Users\\Usuario\\Downloads\\sistema-cooperativa-export\\proyecto-cooperativa\\node_modules\\react-dom'
237 silly reify ]
238 silly reify mark retired [
238 silly reify   'C:\\Users\\Usuario\\Downloads\\sistema-cooperativa-export\\proyecto-cooperativa\\node_modules\\reflect.getprototypeof'
238 silly reify ]
239 silly reify mark retired [
239 silly reify   'C:\\Users\\Usuario\\Downloads\\sistema-cooperativa-export\\proyecto-cooperativa\\node_modules\\regexp.prototype.flags'
239 silly reify ]
240 silly reify mark retired [
240 silly reify   'C:\\Users\\Usuario\\Downloads\\sistema-cooperativa-export\\proyecto-cooperativa\\node_modules\\resolve'
240 silly reify ]
241 silly reify mark retired [
241 silly reify   'C:\\Users\\Usuario\\Downloads\\sistema-cooperativa-export\\proyecto-cooperativa\\node_modules\\resolve-from'
241 silly reify ]
242 silly reify mark retired [
242 silly reify   'C:\\Users\\Usuario\\Downloads\\sistema-cooperativa-export\\proyecto-cooperativa\\node_modules\\own-keys'
242 silly reify ]
243 silly reify mark retired [
243 silly reify   'C:\\Users\\Usuario\\Downloads\\sistema-cooperativa-export\\proyecto-cooperativa\\node_modules\\reusify'
243 silly reify ]
244 silly reify mark retired [
244 silly reify   'C:\\Users\\Usuario\\Downloads\\sistema-cooperativa-export\\proyecto-cooperativa\\node_modules\\retry'
244 silly reify ]
245 silly reify mark retired [
245 silly reify   'C:\\Users\\Usuario\\Downloads\\sistema-cooperativa-export\\proyecto-cooperativa\\node_modules\\run-parallel'
245 silly reify ]
246 silly reify mark retired [
246 silly reify   'C:\\Users\\Usuario\\Downloads\\sistema-cooperativa-export\\proyecto-cooperativa\\node_modules\\safe-array-concat'
246 silly reify ]
247 silly reify mark retired [
247 silly reify   'C:\\Users\\Usuario\\Downloads\\sistema-cooperativa-export\\proyecto-cooperativa\\node_modules\\safe-buffer'
247 silly reify ]
248 silly reify mark retired [
248 silly reify   'C:\\Users\\Usuario\\Downloads\\sistema-cooperativa-export\\proyecto-cooperativa\\node_modules\\safe-regex-test'
248 silly reify ]
249 silly reify mark retired [
249 silly reify   'C:\\Users\\Usuario\\Downloads\\sistema-cooperativa-export\\proyecto-cooperativa\\node_modules\\scheduler'
249 silly reify ]
250 silly reify mark retired [
250 silly reify   'C:\\Users\\Usuario\\Downloads\\sistema-cooperativa-export\\proyecto-cooperativa\\node_modules\\semver'
250 silly reify ]
251 silly reify mark retired [
251 silly reify   'C:\\Users\\Usuario\\Downloads\\sistema-cooperativa-export\\proyecto-cooperativa\\node_modules\\set-function-length'
251 silly reify ]
252 silly reify mark retired [
252 silly reify   'C:\\Users\\Usuario\\Downloads\\sistema-cooperativa-export\\proyecto-cooperativa\\node_modules\\set-function-name'
252 silly reify ]
253 silly reify mark retired [
253 silly reify   'C:\\Users\\Usuario\\Downloads\\sistema-cooperativa-export\\proyecto-cooperativa\\node_modules\\set-proto'
253 silly reify ]
254 silly reify mark retired [
254 silly reify   'C:\\Users\\Usuario\\Downloads\\sistema-cooperativa-export\\proyecto-cooperativa\\node_modules\\sharp'
254 silly reify ]
255 silly reify mark retired [
255 silly reify   'C:\\Users\\Usuario\\Downloads\\sistema-cooperativa-export\\proyecto-cooperativa\\node_modules\\resolve-pkg-maps'
255 silly reify ]
256 silly reify mark retired [
256 silly reify   'C:\\Users\\Usuario\\Downloads\\sistema-cooperativa-export\\proyecto-cooperativa\\node_modules\\shebang-regex'
256 silly reify ]
257 silly reify mark retired [
257 silly reify   'C:\\Users\\Usuario\\Downloads\\sistema-cooperativa-export\\proyecto-cooperativa\\node_modules\\shebang-command'
257 silly reify ]
258 silly reify mark retired [
258 silly reify   'C:\\Users\\Usuario\\Downloads\\sistema-cooperativa-export\\proyecto-cooperativa\\node_modules\\side-channel-list'
258 silly reify ]
259 silly reify mark retired [
259 silly reify   'C:\\Users\\Usuario\\Downloads\\sistema-cooperativa-export\\proyecto-cooperativa\\node_modules\\side-channel-map'
259 silly reify ]
260 silly reify mark retired [
260 silly reify   'C:\\Users\\Usuario\\Downloads\\sistema-cooperativa-export\\proyecto-cooperativa\\node_modules\\source-map-js'
260 silly reify ]
261 silly reify mark retired [
261 silly reify   'C:\\Users\\Usuario\\Downloads\\sistema-cooperativa-export\\proyecto-cooperativa\\node_modules\\stable-hash'
261 silly reify ]
262 silly reify mark retired [
262 silly reify   'C:\\Users\\Usuario\\Downloads\\sistema-cooperativa-export\\proyecto-cooperativa\\node_modules\\safe-push-apply'
262 silly reify ]
263 silly reify mark retired [
263 silly reify   'C:\\Users\\Usuario\\Downloads\\sistema-cooperativa-export\\proyecto-cooperativa\\node_modules\\side-channel-weakmap'
263 silly reify ]
264 silly reify mark retired [
264 silly reify   'C:\\Users\\Usuario\\Downloads\\sistema-cooperativa-export\\proyecto-cooperativa\\node_modules\\stop-iteration-iterator'
264 silly reify ]
265 silly reify mark retired [
265 silly reify   'C:\\Users\\Usuario\\Downloads\\sistema-cooperativa-export\\proyecto-cooperativa\\node_modules\\string.prototype.includes'
265 silly reify ]
266 silly reify mark retired [
266 silly reify   'C:\\Users\\Usuario\\Downloads\\sistema-cooperativa-export\\proyecto-cooperativa\\node_modules\\string.prototype.matchall'
266 silly reify ]
267 silly reify mark retired [
267 silly reify   'C:\\Users\\Usuario\\Downloads\\sistema-cooperativa-export\\proyecto-cooperativa\\node_modules\\string.prototype.trim'
267 silly reify ]
268 silly reify mark retired [
268 silly reify   'C:\\Users\\Usuario\\Downloads\\sistema-cooperativa-export\\proyecto-cooperativa\\node_modules\\side-channel'
268 silly reify ]
269 silly reify mark retired [
269 silly reify   'C:\\Users\\Usuario\\Downloads\\sistema-cooperativa-export\\proyecto-cooperativa\\node_modules\\string.prototype.trimend'
269 silly reify ]
270 silly reify mark retired [
270 silly reify   'C:\\Users\\Usuario\\Downloads\\sistema-cooperativa-export\\proyecto-cooperativa\\node_modules\\strip-json-comments'
270 silly reify ]
271 silly reify mark retired [
271 silly reify   'C:\\Users\\Usuario\\Downloads\\sistema-cooperativa-export\\proyecto-cooperativa\\node_modules\\strip-bom'
271 silly reify ]
272 silly reify mark retired [
272 silly reify   'C:\\Users\\Usuario\\Downloads\\sistema-cooperativa-export\\proyecto-cooperativa\\node_modules\\string.prototype.repeat'
272 silly reify ]
273 silly reify mark retired [
273 silly reify   'C:\\Users\\Usuario\\Downloads\\sistema-cooperativa-export\\proyecto-cooperativa\\node_modules\\string.prototype.trimstart'
273 silly reify ]
274 silly reify mark retired [
274 silly reify   'C:\\Users\\Usuario\\Downloads\\sistema-cooperativa-export\\proyecto-cooperativa\\node_modules\\supports-preserve-symlinks-flag'
274 silly reify ]
275 silly reify mark retired [
275 silly reify   'C:\\Users\\Usuario\\Downloads\\sistema-cooperativa-export\\proyecto-cooperativa\\node_modules\\styled-jsx'
275 silly reify ]
276 silly reify mark retired [
276 silly reify   'C:\\Users\\Usuario\\Downloads\\sistema-cooperativa-export\\proyecto-cooperativa\\node_modules\\tailwindcss'
276 silly reify ]
277 silly reify mark retired [
277 silly reify   'C:\\Users\\Usuario\\Downloads\\sistema-cooperativa-export\\proyecto-cooperativa\\node_modules\\tapable'
277 silly reify ]
278 silly reify mark retired [
278 silly reify   'C:\\Users\\Usuario\\Downloads\\sistema-cooperativa-export\\proyecto-cooperativa\\node_modules\\tinyglobby'
278 silly reify ]
279 silly reify mark retired [
279 silly reify   'C:\\Users\\Usuario\\Downloads\\sistema-cooperativa-export\\proyecto-cooperativa\\node_modules\\supports-color'
279 silly reify ]
280 silly reify mark retired [
280 silly reify   'C:\\Users\\Usuario\\Downloads\\sistema-cooperativa-export\\proyecto-cooperativa\\node_modules\\ts-api-utils'
280 silly reify ]
281 silly reify mark retired [
281 silly reify   'C:\\Users\\Usuario\\Downloads\\sistema-cooperativa-export\\proyecto-cooperativa\\node_modules\\tsconfig-paths'
281 silly reify ]
282 silly reify mark retired [
282 silly reify   'C:\\Users\\Usuario\\Downloads\\sistema-cooperativa-export\\proyecto-cooperativa\\node_modules\\tslib'
282 silly reify ]
283 silly reify mark retired [
283 silly reify   'C:\\Users\\Usuario\\Downloads\\sistema-cooperativa-export\\proyecto-cooperativa\\node_modules\\type-check'
283 silly reify ]
284 silly reify mark retired [
284 silly reify   'C:\\Users\\Usuario\\Downloads\\sistema-cooperativa-export\\proyecto-cooperativa\\node_modules\\typed-array-buffer'
284 silly reify ]
285 silly reify mark retired [
285 silly reify   'C:\\Users\\Usuario\\Downloads\\sistema-cooperativa-export\\proyecto-cooperativa\\node_modules\\typed-array-byte-length'
285 silly reify ]
286 silly reify mark retired [
286 silly reify   'C:\\Users\\Usuario\\Downloads\\sistema-cooperativa-export\\proyecto-cooperativa\\node_modules\\typed-array-byte-offset'
286 silly reify ]
287 silly reify mark retired [
287 silly reify   'C:\\Users\\Usuario\\Downloads\\sistema-cooperativa-export\\proyecto-cooperativa\\node_modules\\typed-array-length'
287 silly reify ]
288 silly reify mark retired [
288 silly reify   'C:\\Users\\Usuario\\Downloads\\sistema-cooperativa-export\\proyecto-cooperativa\\node_modules\\typescript-eslint'
288 silly reify ]
289 silly reify mark retired [
289 silly reify   'C:\\Users\\Usuario\\Downloads\\sistema-cooperativa-export\\proyecto-cooperativa\\node_modules\\typescript'
289 silly reify ]
290 silly reify mark retired [
290 silly reify   'C:\\Users\\Usuario\\Downloads\\sistema-cooperativa-export\\proyecto-cooperativa\\node_modules\\unbox-primitive'
290 silly reify ]
291 silly reify mark retired [
291 silly reify   'C:\\Users\\Usuario\\Downloads\\sistema-cooperativa-export\\proyecto-cooperativa\\node_modules\\undici-types'
291 silly reify ]
292 silly reify mark retired [
292 silly reify   'C:\\Users\\Usuario\\Downloads\\sistema-cooperativa-export\\proyecto-cooperativa\\node_modules\\unrs-resolver'
292 silly reify ]
293 silly reify mark retired [
293 silly reify   'C:\\Users\\Usuario\\Downloads\\sistema-cooperativa-export\\proyecto-cooperativa\\node_modules\\update-browserslist-db'
293 silly reify ]
294 silly reify mark retired [
294 silly reify   'C:\\Users\\Usuario\\Downloads\\sistema-cooperativa-export\\proyecto-cooperativa\\node_modules\\uri-js'
294 silly reify ]
295 silly reify mark retired [
295 silly reify   'C:\\Users\\Usuario\\Downloads\\sistema-cooperativa-export\\proyecto-cooperativa\\node_modules\\web-streams-polyfill'
295 silly reify ]
296 silly reify mark retired [
296 silly reify   'C:\\Users\\Usuario\\Downloads\\sistema-cooperativa-export\\proyecto-cooperativa\\node_modules\\which'
296 silly reify ]
297 silly reify mark retired [
297 silly reify   'C:\\Users\\Usuario\\Downloads\\sistema-cooperativa-export\\proyecto-cooperativa\\node_modules\\which-boxed-primitive'
297 silly reify ]
298 silly reify mark retired [
298 silly reify   'C:\\Users\\Usuario\\Downloads\\sistema-cooperativa-export\\proyecto-cooperativa\\node_modules\\which-builtin-type'
298 silly reify ]
299 silly reify mark retired [
299 silly reify   'C:\\Users\\Usuario\\Downloads\\sistema-cooperativa-export\\proyecto-cooperativa\\node_modules\\which-typed-array'
299 silly reify ]
300 silly reify mark retired [
300 silly reify   'C:\\Users\\Usuario\\Downloads\\sistema-cooperativa-export\\proyecto-cooperativa\\node_modules\\ws'
300 silly reify ]
301 silly reify mark retired [
301 silly reify   'C:\\Users\\Usuario\\Downloads\\sistema-cooperativa-export\\proyecto-cooperativa\\node_modules\\word-wrap'
301 silly reify ]
302 silly reify mark retired [
302 silly reify   'C:\\Users\\Usuario\\Downloads\\sistema-cooperativa-export\\proyecto-cooperativa\\node_modules\\yallist'
302 silly reify ]
303 silly reify mark retired [
303 silly reify   'C:\\Users\\Usuario\\Downloads\\sistema-cooperativa-export\\proyecto-cooperativa\\node_modules\\zod'
303 silly reify ]
304 silly reify mark retired [
304 silly reify   'C:\\Users\\Usuario\\Downloads\\sistema-cooperativa-export\\proyecto-cooperativa\\node_modules\\yocto-queue'
304 silly reify ]
305 silly reify mark retired [
305 silly reify   'C:\\Users\\Usuario\\Downloads\\sistema-cooperativa-export\\proyecto-cooperativa\\node_modules\\which-collection'
305 silly reify ]
306 silly reify mark retired [
306 silly reify   'C:\\Users\\Usuario\\Downloads\\sistema-cooperativa-export\\proyecto-cooperativa\\node_modules\\to-regex-range'
306 silly reify ]
307 silly reify mark retired [
307 silly reify   'C:\\Users\\Usuario\\Downloads\\sistema-cooperativa-export\\proyecto-cooperativa\\node_modules\\@babel\\code-frame'
307 silly reify ]
308 silly reify mark retired [
308 silly reify   'C:\\Users\\Usuario\\Downloads\\sistema-cooperativa-export\\proyecto-cooperativa\\node_modules\\@babel\\compat-data'
308 silly reify ]
309 silly reify mark retired [
309 silly reify   'C:\\Users\\Usuario\\Downloads\\sistema-cooperativa-export\\proyecto-cooperativa\\node_modules\\@babel\\core'
309 silly reify ]
310 silly reify mark retired [
310 silly reify   'C:\\Users\\Usuario\\Downloads\\sistema-cooperativa-export\\proyecto-cooperativa\\node_modules\\@babel\\generator'
310 silly reify ]
311 silly reify mark retired [
311 silly reify   'C:\\Users\\Usuario\\Downloads\\sistema-cooperativa-export\\proyecto-cooperativa\\node_modules\\@babel\\helper-compilation-targets'
311 silly reify ]
312 silly reify mark retired [
312 silly reify   'C:\\Users\\Usuario\\Downloads\\sistema-cooperativa-export\\proyecto-cooperativa\\node_modules\\@babel\\helper-globals'
312 silly reify ]
313 silly reify mark retired [
313 silly reify   'C:\\Users\\Usuario\\Downloads\\sistema-cooperativa-export\\proyecto-cooperativa\\node_modules\\@babel\\helper-module-imports'
313 silly reify ]
314 silly reify mark retired [
314 silly reify   'C:\\Users\\Usuario\\Downloads\\sistema-cooperativa-export\\proyecto-cooperativa\\node_modules\\@babel\\helper-module-transforms'
314 silly reify ]
315 silly reify mark retired [
315 silly reify   'C:\\Users\\Usuario\\Downloads\\sistema-cooperativa-export\\proyecto-cooperativa\\node_modules\\@babel\\helper-string-parser'
315 silly reify ]
316 silly reify mark retired [
316 silly reify   'C:\\Users\\Usuario\\Downloads\\sistema-cooperativa-export\\proyecto-cooperativa\\node_modules\\@babel\\helper-validator-identifier'
316 silly reify ]
317 silly reify mark retired [
317 silly reify   'C:\\Users\\Usuario\\Downloads\\sistema-cooperativa-export\\proyecto-cooperativa\\node_modules\\@babel\\helper-validator-option'
317 silly reify ]
318 silly reify mark retired [
318 silly reify   'C:\\Users\\Usuario\\Downloads\\sistema-cooperativa-export\\proyecto-cooperativa\\node_modules\\@babel\\template'
318 silly reify ]
319 silly reify mark retired [
319 silly reify   'C:\\Users\\Usuario\\Downloads\\sistema-cooperativa-export\\proyecto-cooperativa\\node_modules\\@babel\\helpers'
319 silly reify ]
320 silly reify mark retired [
320 silly reify   'C:\\Users\\Usuario\\Downloads\\sistema-cooperativa-export\\proyecto-cooperativa\\node_modules\\@babel\\parser'
320 silly reify ]
321 silly reify mark retired [
321 silly reify   'C:\\Users\\Usuario\\Downloads\\sistema-cooperativa-export\\proyecto-cooperativa\\node_modules\\zod-validation-error'
321 silly reify ]
322 silly reify mark retired [
322 silly reify   'C:\\Users\\Usuario\\Downloads\\sistema-cooperativa-export\\proyecto-cooperativa\\node_modules\\@babel\\types'
322 silly reify ]
323 silly reify mark retired [
323 silly reify   'C:\\Users\\Usuario\\Downloads\\sistema-cooperativa-export\\proyecto-cooperativa\\node_modules\\@alloc\\quick-lru'
323 silly reify ]
324 silly reify mark retired [
324 silly reify   'C:\\Users\\Usuario\\Downloads\\sistema-cooperativa-export\\proyecto-cooperativa\\node_modules\\@babel\\traverse'
324 silly reify ]
325 silly reify mark retired [
325 silly reify   'C:\\Users\\Usuario\\Downloads\\sistema-cooperativa-export\\proyecto-cooperativa\\node_modules\\@eslint\\config-array'
325 silly reify ]
326 silly reify mark retired [
326 silly reify   'C:\\Users\\Usuario\\Downloads\\sistema-cooperativa-export\\proyecto-cooperativa\\node_modules\\@eslint\\config-helpers'
326 silly reify ]
327 silly reify mark retired [
327 silly reify   'C:\\Users\\Usuario\\Downloads\\sistema-cooperativa-export\\proyecto-cooperativa\\node_modules\\@eslint\\object-schema'
327 silly reify ]
328 silly reify mark retired [
328 silly reify   'C:\\Users\\Usuario\\Downloads\\sistema-cooperativa-export\\proyecto-cooperativa\\node_modules\\@eslint\\js'
328 silly reify ]
329 silly reify mark retired [
329 silly reify   'C:\\Users\\Usuario\\Downloads\\sistema-cooperativa-export\\proyecto-cooperativa\\node_modules\\@eslint\\core'
329 silly reify ]
330 silly reify mark retired [
330 silly reify   'C:\\Users\\Usuario\\Downloads\\sistema-cooperativa-export\\proyecto-cooperativa\\node_modules\\@eslint\\eslintrc'
330 silly reify ]
331 silly reify mark retired [
331 silly reify   'C:\\Users\\Usuario\\Downloads\\sistema-cooperativa-export\\proyecto-cooperativa\\node_modules\\@eslint-community\\regexpp'
331 silly reify ]
332 silly reify mark retired [
332 silly reify   'C:\\Users\\Usuario\\Downloads\\sistema-cooperativa-export\\proyecto-cooperativa\\node_modules\\@eslint\\plugin-kit'
332 silly reify ]
333 silly reify mark retired [
333 silly reify   'C:\\Users\\Usuario\\Downloads\\sistema-cooperativa-export\\proyecto-cooperativa\\node_modules\\@humanfs\\core'
333 silly reify ]
334 silly reify mark retired [
334 silly reify   'C:\\Users\\Usuario\\Downloads\\sistema-cooperativa-export\\proyecto-cooperativa\\node_modules\\@humanfs\\node'
334 silly reify ]
335 silly reify mark retired [
335 silly reify   'C:\\Users\\Usuario\\Downloads\\sistema-cooperativa-export\\proyecto-cooperativa\\node_modules\\@humanfs\\types'
335 silly reify ]
336 silly reify mark retired [
336 silly reify   'C:\\Users\\Usuario\\Downloads\\sistema-cooperativa-export\\proyecto-cooperativa\\node_modules\\@humanwhocodes\\module-importer'
336 silly reify ]
337 silly reify mark retired [
337 silly reify   'C:\\Users\\Usuario\\Downloads\\sistema-cooperativa-export\\proyecto-cooperativa\\node_modules\\@eslint-community\\eslint-utils'
337 silly reify ]
338 silly reify mark retired [
338 silly reify   'C:\\Users\\Usuario\\Downloads\\sistema-cooperativa-export\\proyecto-cooperativa\\node_modules\\@google\\genai'
338 silly reify ]
339 silly reify mark retired [
339 silly reify   'C:\\Users\\Usuario\\Downloads\\sistema-cooperativa-export\\proyecto-cooperativa\\node_modules\\@humanwhocodes\\retry'
339 silly reify ]
340 silly reify mark retired [
340 silly reify   'C:\\Users\\Usuario\\Downloads\\sistema-cooperativa-export\\proyecto-cooperativa\\node_modules\\@img\\colour'
340 silly reify ]
341 silly reify mark retired [
341 silly reify   'C:\\Users\\Usuario\\Downloads\\sistema-cooperativa-export\\proyecto-cooperativa\\node_modules\\@img\\sharp-win32-x64'
341 silly reify ]
342 silly reify mark retired [
342 silly reify   'C:\\Users\\Usuario\\Downloads\\sistema-cooperativa-export\\proyecto-cooperativa\\node_modules\\@jridgewell\\remapping'
342 silly reify ]
343 silly reify mark retired [
343 silly reify   'C:\\Users\\Usuario\\Downloads\\sistema-cooperativa-export\\proyecto-cooperativa\\node_modules\\@jridgewell\\resolve-uri'
343 silly reify ]
344 silly reify mark retired [
344 silly reify   'C:\\Users\\Usuario\\Downloads\\sistema-cooperativa-export\\proyecto-cooperativa\\node_modules\\@jridgewell\\sourcemap-codec'
344 silly reify ]
345 silly reify mark retired [
345 silly reify   'C:\\Users\\Usuario\\Downloads\\sistema-cooperativa-export\\proyecto-cooperativa\\node_modules\\@jridgewell\\trace-mapping'
345 silly reify ]
346 silly reify mark retired [
346 silly reify   'C:\\Users\\Usuario\\Downloads\\sistema-cooperativa-export\\proyecto-cooperativa\\node_modules\\@next\\env'
346 silly reify ]
347 silly reify mark retired [
347 silly reify   'C:\\Users\\Usuario\\Downloads\\sistema-cooperativa-export\\proyecto-cooperativa\\node_modules\\@jridgewell\\gen-mapping'
347 silly reify ]
348 silly reify mark retired [
348 silly reify   'C:\\Users\\Usuario\\Downloads\\sistema-cooperativa-export\\proyecto-cooperativa\\node_modules\\@next\\swc-win32-x64-msvc'
348 silly reify ]
349 silly reify mark retired [
349 silly reify   'C:\\Users\\Usuario\\Downloads\\sistema-cooperativa-export\\proyecto-cooperativa\\node_modules\\@next\\eslint-plugin-next'
349 silly reify ]
350 silly reify mark retired [
350 silly reify   'C:\\Users\\Usuario\\Downloads\\sistema-cooperativa-export\\proyecto-cooperativa\\node_modules\\@nolyfill\\is-core-module'
350 silly reify ]
351 silly reify mark retired [
351 silly reify   'C:\\Users\\Usuario\\Downloads\\sistema-cooperativa-export\\proyecto-cooperativa\\node_modules\\@nodelib\\fs.scandir'
351 silly reify ]
352 silly reify mark retired [
352 silly reify   'C:\\Users\\Usuario\\Downloads\\sistema-cooperativa-export\\proyecto-cooperativa\\node_modules\\@nodelib\\fs.stat'
352 silly reify ]
353 silly reify mark retired [
353 silly reify   'C:\\Users\\Usuario\\Downloads\\sistema-cooperativa-export\\proyecto-cooperativa\\node_modules\\@nodelib\\fs.walk'
353 silly reify ]
354 silly reify mark retired [
354 silly reify   'C:\\Users\\Usuario\\Downloads\\sistema-cooperativa-export\\proyecto-cooperativa\\node_modules\\@protobufjs\\base64'
354 silly reify ]
355 silly reify mark retired [
355 silly reify   'C:\\Users\\Usuario\\Downloads\\sistema-cooperativa-export\\proyecto-cooperativa\\node_modules\\@protobufjs\\codegen'
355 silly reify ]
356 silly reify mark retired [
356 silly reify   'C:\\Users\\Usuario\\Downloads\\sistema-cooperativa-export\\proyecto-cooperativa\\node_modules\\@protobufjs\\aspromise'
356 silly reify ]
357 silly reify mark retired [
357 silly reify   'C:\\Users\\Usuario\\Downloads\\sistema-cooperativa-export\\proyecto-cooperativa\\node_modules\\@protobufjs\\eventemitter'
357 silly reify ]
358 silly reify mark retired [
358 silly reify   'C:\\Users\\Usuario\\Downloads\\sistema-cooperativa-export\\proyecto-cooperativa\\node_modules\\@protobufjs\\fetch'
358 silly reify ]
359 silly reify mark retired [
359 silly reify   'C:\\Users\\Usuario\\Downloads\\sistema-cooperativa-export\\proyecto-cooperativa\\node_modules\\@protobufjs\\float'
359 silly reify ]
360 silly reify mark retired [
360 silly reify   'C:\\Users\\Usuario\\Downloads\\sistema-cooperativa-export\\proyecto-cooperativa\\node_modules\\@protobufjs\\inquire'
360 silly reify ]
361 silly reify mark retired [
361 silly reify   'C:\\Users\\Usuario\\Downloads\\sistema-cooperativa-export\\proyecto-cooperativa\\node_modules\\@protobufjs\\path'
361 silly reify ]
362 silly reify mark retired [
362 silly reify   'C:\\Users\\Usuario\\Downloads\\sistema-cooperativa-export\\proyecto-cooperativa\\node_modules\\@protobufjs\\utf8'
362 silly reify ]
363 silly reify mark retired [
363 silly reify   'C:\\Users\\Usuario\\Downloads\\sistema-cooperativa-export\\proyecto-cooperativa\\node_modules\\@protobufjs\\pool'
363 silly reify ]
364 silly reify mark retired [
364 silly reify   'C:\\Users\\Usuario\\Downloads\\sistema-cooperativa-export\\proyecto-cooperativa\\node_modules\\@rtsao\\scc'
364 silly reify ]
365 silly reify mark retired [
365 silly reify   'C:\\Users\\Usuario\\Downloads\\sistema-cooperativa-export\\proyecto-cooperativa\\node_modules\\@supabase\\auth-js'
365 silly reify ]
366 silly reify mark retired [
366 silly reify   'C:\\Users\\Usuario\\Downloads\\sistema-cooperativa-export\\proyecto-cooperativa\\node_modules\\@supabase\\functions-js'
366 silly reify ]
367 silly reify mark retired [
367 silly reify   'C:\\Users\\Usuario\\Downloads\\sistema-cooperativa-export\\proyecto-cooperativa\\node_modules\\@supabase\\phoenix'
367 silly reify ]
368 silly reify mark retired [
368 silly reify   'C:\\Users\\Usuario\\Downloads\\sistema-cooperativa-export\\proyecto-cooperativa\\node_modules\\@supabase\\postgrest-js'
368 silly reify ]
369 silly reify mark retired [
369 silly reify   'C:\\Users\\Usuario\\Downloads\\sistema-cooperativa-export\\proyecto-cooperativa\\node_modules\\@supabase\\realtime-js'
369 silly reify ]
370 silly reify mark retired [
370 silly reify   'C:\\Users\\Usuario\\Downloads\\sistema-cooperativa-export\\proyecto-cooperativa\\node_modules\\@supabase\\storage-js'
370 silly reify ]
371 silly reify mark retired [
371 silly reify   'C:\\Users\\Usuario\\Downloads\\sistema-cooperativa-export\\proyecto-cooperativa\\node_modules\\@supabase\\supabase-js'
371 silly reify ]
372 silly reify mark retired [
372 silly reify   'C:\\Users\\Usuario\\Downloads\\sistema-cooperativa-export\\proyecto-cooperativa\\node_modules\\@tailwindcss\\oxide'
372 silly reify ]
373 silly reify mark retired [
373 silly reify   'C:\\Users\\Usuario\\Downloads\\sistema-cooperativa-export\\proyecto-cooperativa\\node_modules\\@swc\\helpers'
373 silly reify ]
374 silly reify mark retired [
374 silly reify   'C:\\Users\\Usuario\\Downloads\\sistema-cooperativa-export\\proyecto-cooperativa\\node_modules\\@tailwindcss\\node'
374 silly reify ]
375 silly reify mark retired [
375 silly reify   'C:\\Users\\Usuario\\Downloads\\sistema-cooperativa-export\\proyecto-cooperativa\\node_modules\\@tailwindcss\\oxide-win32-x64-msvc'
375 silly reify ]
376 silly reify mark retired [
376 silly reify   'C:\\Users\\Usuario\\Downloads\\sistema-cooperativa-export\\proyecto-cooperativa\\node_modules\\@tailwindcss\\postcss'
376 silly reify ]
377 silly reify mark retired [
377 silly reify   'C:\\Users\\Usuario\\Downloads\\sistema-cooperativa-export\\proyecto-cooperativa\\node_modules\\@types\\json-schema'
377 silly reify ]
378 silly reify mark retired [
378 silly reify   'C:\\Users\\Usuario\\Downloads\\sistema-cooperativa-export\\proyecto-cooperativa\\node_modules\\@types\\estree'
378 silly reify ]
379 silly reify mark retired [
379 silly reify   'C:\\Users\\Usuario\\Downloads\\sistema-cooperativa-export\\proyecto-cooperativa\\node_modules\\@types\\node'
379 silly reify ]
380 silly reify mark retired [
380 silly reify   'C:\\Users\\Usuario\\Downloads\\sistema-cooperativa-export\\proyecto-cooperativa\\node_modules\\@types\\json5'
380 silly reify ]
381 silly reify mark retired [
381 silly reify   'C:\\Users\\Usuario\\Downloads\\sistema-cooperativa-export\\proyecto-cooperativa\\node_modules\\@types\\retry'
381 silly reify ]
382 silly reify mark retired [
382 silly reify   'C:\\Users\\Usuario\\Downloads\\sistema-cooperativa-export\\proyecto-cooperativa\\node_modules\\@typescript-eslint\\eslint-plugin'
382 silly reify ]
383 silly reify mark retired [
383 silly reify   'C:\\Users\\Usuario\\Downloads\\sistema-cooperativa-export\\proyecto-cooperativa\\node_modules\\@typescript-eslint\\parser'
383 silly reify ]
384 silly reify mark retired [
384 silly reify   'C:\\Users\\Usuario\\Downloads\\sistema-cooperativa-export\\proyecto-cooperativa\\node_modules\\@typescript-eslint\\project-service'
384 silly reify ]
385 silly reify mark retired [
385 silly reify   'C:\\Users\\Usuario\\Downloads\\sistema-cooperativa-export\\proyecto-cooperativa\\node_modules\\@typescript-eslint\\scope-manager'
385 silly reify ]
386 silly reify mark retired [
386 silly reify   'C:\\Users\\Usuario\\Downloads\\sistema-cooperativa-export\\proyecto-cooperativa\\node_modules\\@typescript-eslint\\tsconfig-utils'
386 silly reify ]
387 silly reify mark retired [
387 silly reify   'C:\\Users\\Usuario\\Downloads\\sistema-cooperativa-export\\proyecto-cooperativa\\node_modules\\@typescript-eslint\\types'
387 silly reify ]
388 silly reify mark retired [
388 silly reify   'C:\\Users\\Usuario\\Downloads\\sistema-cooperativa-export\\proyecto-cooperativa\\node_modules\\@typescript-eslint\\typescript-estree'
388 silly reify ]
389 silly reify mark retired [
389 silly reify   'C:\\Users\\Usuario\\Downloads\\sistema-cooperativa-export\\proyecto-cooperativa\\node_modules\\@typescript-eslint\\utils'
389 silly reify ]
390 silly reify mark retired [
390 silly reify   'C:\\Users\\Usuario\\Downloads\\sistema-cooperativa-export\\proyecto-cooperativa\\node_modules\\@typescript-eslint\\type-utils'
390 silly reify ]
391 silly reify mark retired [
391 silly reify   'C:\\Users\\Usuario\\Downloads\\sistema-cooperativa-export\\proyecto-cooperativa\\node_modules\\@unrs\\resolver-binding-win32-x64-msvc'
391 silly reify ]
392 silly reify mark retired [
392 silly reify   'C:\\Users\\Usuario\\Downloads\\sistema-cooperativa-export\\proyecto-cooperativa\\node_modules\\@typescript-eslint\\visitor-keys'
392 silly reify ]
393 silly reify moves {
393 silly reify   'C:\\Users\\Usuario\\Downloads\\sistema-cooperativa-export\\proyecto-cooperativa\\node_modules\\acorn': 'C:\\Users\\Usuario\\Downloads\\sistema-cooperativa-export\\proyecto-cooperativa\\node_modules\\.acorn-rO5fBHoW',
393 silly reify   'C:\\Users\\Usuario\\Downloads\\sistema-cooperativa-export\\proyecto-cooperativa\\node_modules\\agent-base': 'C:\\Users\\Usuario\\Downloads\\sistema-cooperativa-export\\proyecto-cooperativa\\node_modules\\.agent-base-aOFjgeTz',
393 silly reify   'C:\\Users\\Usuario\\Downloads\\sistema-cooperativa-export\\proyecto-cooperativa\\node_modules\\acorn-jsx': 'C:\\Users\\Usuario\\Downloads\\sistema-cooperativa-export\\proyecto-cooperativa\\node_modules\\.acorn-jsx-xpgbkBm2',
393 silly reify   'C:\\Users\\Usuario\\Downloads\\sistema-cooperativa-export\\proyecto-cooperativa\\node_modules\\ajv': 'C:\\Users\\Usuario\\Downloads\\sistema-cooperativa-export\\proyecto-cooperativa\\node_modules\\.ajv-uIvwVTT3',
393 silly reify   'C:\\Users\\Usuario\\Downloads\\sistema-cooperativa-export\\proyecto-cooperativa\\node_modules\\ansi-styles': 'C:\\Users\\Usuario\\Downloads\\sistema-cooperativa-export\\proyecto-cooperativa\\node_modules\\.ansi-styles-dURK5Rgs',
393 silly reify   'C:\\Users\\Usuario\\Downloads\\sistema-cooperativa-export\\proyecto-cooperativa\\node_modules\\aria-query': 'C:\\Users\\Usuario\\Downloads\\sistema-cooperativa-export\\proyecto-cooperativa\\node_modules\\.aria-query-mvzDwZIg',
393 silly reify   'C:\\Users\\Usuario\\Downloads\\sistema-cooperativa-export\\proyecto-cooperativa\\node_modules\\argparse': 'C:\\Users\\Usuario\\Downloads\\sistema-cooperativa-export\\proyecto-cooperativa\\node_modules\\.argparse-xkMeO8i2',
393 silly reify   'C:\\Users\\Usuario\\Downloads\\sistema-cooperativa-export\\proyecto-cooperativa\\node_modules\\array-includes': 'C:\\Users\\Usuario\\Downloads\\sistema-cooperativa-export\\proyecto-cooperativa\\node_modules\\.array-includes-zxGGPJG1',
393 silly reify   'C:\\Users\\Usuario\\Downloads\\sistema-cooperativa-export\\proyecto-cooperativa\\node_modules\\array.prototype.findlast': 'C:\\Users\\Usuario\\Downloads\\sistema-cooperativa-export\\proyecto-cooperativa\\node_modules\\.array.prototype.findlast-bFdELcYX',
393 silly reify   'C:\\Users\\Usuario\\Downloads\\sistema-cooperativa-export\\proyecto-cooperativa\\node_modules\\array-buffer-byte-length': 'C:\\Users\\Usuario\\Downloads\\sistema-cooperativa-export\\proyecto-cooperativa\\node_modules\\.array-buffer-byte-length-Re8sH0nb',
393 silly reify   'C:\\Users\\Usuario\\Downloads\\sistema-cooperativa-export\\proyecto-cooperativa\\node_modules\\array.prototype.findlastindex': 'C:\\Users\\Usuario\\Downloads\\sistema-cooperativa-export\\proyecto-cooperativa\\node_modules\\.array.prototype.findlastindex-ZKu9uBjk',
393 silly reify   'C:\\Users\\Usuario\\Downloads\\sistema-cooperativa-export\\proyecto-cooperativa\\node_modules\\array.prototype.flat': 'C:\\Users\\Usuario\\Downloads\\sistema-cooperativa-export\\proyecto-cooperativa\\node_modules\\.array.prototype.flat-jkdtp9uu',
393 silly reify   'C:\\Users\\Usuario\\Downloads\\sistema-cooperativa-export\\proyecto-cooperativa\\node_modules\\array.prototype.flatmap': 'C:\\Users\\Usuario\\Downloads\\sistema-cooperativa-export\\proyecto-cooperativa\\node_modules\\.array.prototype.flatmap-O7I7PVJU',
393 silly reify   'C:\\Users\\Usuario\\Downloads\\sistema-cooperativa-export\\proyecto-cooperativa\\node_modules\\array.prototype.tosorted': 'C:\\Users\\Usuario\\Downloads\\sistema-cooperativa-export\\proyecto-cooperativa\\node_modules\\.array.prototype.tosorted-W1OPGfS4',
393 silly reify   'C:\\Users\\Usuario\\Downloads\\sistema-cooperativa-export\\proyecto-cooperativa\\node_modules\\ast-types-flow': 'C:\\Users\\Usuario\\Downloads\\sistema-cooperativa-export\\proyecto-cooperativa\\node_modules\\.ast-types-flow-CXbRkKsM',
393 silly reify   'C:\\Users\\Usuario\\Downloads\\sistema-cooperativa-export\\proyecto-cooperativa\\node_modules\\available-typed-arrays': 'C:\\Users\\Usuario\\Downloads\\sistema-cooperativa-export\\proyecto-cooperativa\\node_modules\\.available-typed-arrays-CAkdX76v',
393 silly reify   'C:\\Users\\Usuario\\Downloads\\sistema-cooperativa-export\\proyecto-cooperativa\\node_modules\\async-function': 'C:\\Users\\Usuario\\Downloads\\sistema-cooperativa-export\\proyecto-cooperativa\\node_modules\\.async-function-aQCnKArg',
393 silly reify   'C:\\Users\\Usuario\\Downloads\\sistema-cooperativa-export\\proyecto-cooperativa\\node_modules\\arraybuffer.prototype.slice': 'C:\\Users\\Usuario\\Downloads\\sistema-cooperativa-export\\proyecto-cooperativa\\node_modules\\.arraybuffer.prototype.slice-eykZm439',
393 silly reify   'C:\\Users\\Usuario\\Downloads\\sistema-cooperativa-export\\proyecto-cooperativa\\node_modules\\axe-core': 'C:\\Users\\Usuario\\Downloads\\sistema-cooperativa-export\\proyecto-cooperativa\\node_modules\\.axe-core-vPqz2gnb',
393 silly reify   'C:\\Users\\Usuario\\Downloads\\sistema-cooperativa-export\\proyecto-cooperativa\\node_modules\\axobject-query': 'C:\\Users\\Usuario\\Downloads\\sistema-cooperativa-export\\proyecto-cooperativa\\node_modules\\.axobject-query-G2p6Z08S',
393 silly reify   'C:\\Users\\Usuario\\Downloads\\sistema-cooperativa-export\\proyecto-cooperativa\\node_modules\\base64-js': 'C:\\Users\\Usuario\\Downloads\\sistema-cooperativa-export\\proyecto-cooperativa\\node_modules\\.base64-js-Ch26QxJN',
393 silly reify   'C:\\Users\\Usuario\\Downloads\\sistema-cooperativa-export\\proyecto-cooperativa\\node_modules\\balanced-match': 'C:\\Users\\Usuario\\Downloads\\sistema-cooperativa-export\\proyecto-cooperativa\\node_modules\\.balanced-match-9I8j1z1m',
393 silly reify   'C:\\Users\\Usuario\\Downloads\\sistema-cooperativa-export\\proyecto-cooperativa\\node_modules\\baseline-browser-mapping': 'C:\\Users\\Usuario\\Downloads\\sistema-cooperativa-export\\proyecto-cooperativa\\node_modules\\.baseline-browser-mapping-AJ16w9lv',
393 silly reify   'C:\\Users\\Usuario\\Downloads\\sistema-cooperativa-export\\proyecto-cooperativa\\node_modules\\bignumber.js': 'C:\\Users\\Usuario\\Downloads\\sistema-cooperativa-export\\proyecto-cooperativa\\node_modules\\.bignumber.js-hZRH53va',
393 silly reify   'C:\\Users\\Usuario\\Downloads\\sistema-cooperativa-export\\proyecto-cooperativa\\node_modules\\brace-expansion': 'C:\\Users\\Usuario\\Downloads\\sistema-cooperativa-export\\proyecto-cooperativa\\node_modules\\.brace-expansion-x4Pso0gu',
393 silly reify   'C:\\Users\\Usuario\\Downloads\\sistema-cooperativa-export\\proyecto-cooperativa\\node_modules\\braces': 'C:\\Users\\Usuario\\Downloads\\sistema-cooperativa-export\\proyecto-cooperativa\\node_modules\\.braces-Q2dWOnG3',
393 silly reify   'C:\\Users\\Usuario\\Downloads\\sistema-cooperativa-export\\proyecto-cooperativa\\node_modules\\browserslist': 'C:\\Users\\Usuario\\Downloads\\sistema-cooperativa-export\\proyecto-cooperativa\\node_modules\\.browserslist-ahwDh7bS',
393 silly reify   'C:\\Users\\Usuario\\Downloads\\sistema-cooperativa-export\\proyecto-cooperativa\\node_modules\\buffer-equal-constant-time': 'C:\\Users\\Usuario\\Downloads\\sistema-cooperativa-export\\proyecto-cooperativa\\node_modules\\.buffer-equal-constant-time-LuBOXImg',
393 silly reify   'C:\\Users\\Usuario\\Downloads\\sistema-cooperativa-export\\proyecto-cooperativa\\node_modules\\call-bind': 'C:\\Users\\Usuario\\Downloads\\sistema-cooperativa-export\\proyecto-cooperativa\\node_modules\\.call-bind-VCwMUzpt',
393 silly reify   'C:\\Users\\Usuario\\Downloads\\sistema-cooperativa-export\\proyecto-cooperativa\\node_modules\\call-bind-apply-helpers': 'C:\\Users\\Usuario\\Downloads\\sistema-cooperativa-export\\proyecto-cooperativa\\node_modules\\.call-bind-apply-helpers-fl92bfTP',
393 silly reify   'C:\\Users\\Usuario\\Downloads\\sistema-cooperativa-export\\proyecto-cooperativa\\node_modules\\call-bound': 'C:\\Users\\Usuario\\Downloads\\sistema-cooperativa-export\\proyecto-cooperativa\\node_modules\\.call-bound-HkWM1Owg',
393 silly reify   'C:\\Users\\Usuario\\Downloads\\sistema-cooperativa-export\\proyecto-cooperativa\\node_modules\\caniuse-lite': 'C:\\Users\\Usuario\\Downloads\\sistema-cooperativa-export\\proyecto-cooperativa\\node_modules\\.caniuse-lite-yziSy7B7',
393 silly reify   'C:\\Users\\Usuario\\Downloads\\sistema-cooperativa-export\\proyecto-cooperativa\\node_modules\\callsites': 'C:\\Users\\Usuario\\Downloads\\sistema-cooperativa-export\\proyecto-cooperativa\\node_modules\\.callsites-adKOdqU1',
393 silly reify   'C:\\Users\\Usuario\\Downloads\\sistema-cooperativa-export\\proyecto-cooperativa\\node_modules\\chalk': 'C:\\Users\\Usuario\\Downloads\\sistema-cooperativa-export\\proyecto-cooperativa\\node_modules\\.chalk-KjvlHE8D',
393 silly reify   'C:\\Users\\Usuario\\Downloads\\sistema-cooperativa-export\\proyecto-cooperativa\\node_modules\\client-only': 'C:\\Users\\Usuario\\Downloads\\sistema-cooperativa-export\\proyecto-cooperativa\\node_modules\\.client-only-9K2aSHf7',
393 silly reify   'C:\\Users\\Usuario\\Downloads\\sistema-cooperativa-export\\proyecto-cooperativa\\node_modules\\color-convert': 'C:\\Users\\Usuario\\Downloads\\sistema-cooperativa-export\\proyecto-cooperativa\\node_modules\\.color-convert-csd5kWpm',
393 silly reify   'C:\\Users\\Usuario\\Downloads\\sistema-cooperativa-export\\proyecto-cooperativa\\node_modules\\color-name': 'C:\\Users\\Usuario\\Downloads\\sistema-cooperativa-export\\proyecto-cooperativa\\node_modules\\.color-name-z2doFays',
393 silly reify   'C:\\Users\\Usuario\\Downloads\\sistema-cooperativa-export\\proyecto-cooperativa\\node_modules\\concat-map': 'C:\\Users\\Usuario\\Downloads\\sistema-cooperativa-export\\proyecto-cooperativa\\node_modules\\.concat-map-L30uGqWr',
393 silly reify   'C:\\Users\\Usuario\\Downloads\\sistema-cooperativa-export\\proyecto-cooperativa\\node_modules\\convert-source-map': 'C:\\Users\\Usuario\\Downloads\\sistema-cooperativa-export\\proyecto-cooperativa\\node_modules\\.convert-source-map-YhTemltZ',
393 silly reify   'C:\\Users\\Usuario\\Downloads\\sistema-cooperativa-export\\proyecto-cooperativa\\node_modules\\cross-spawn': 'C:\\Users\\Usuario\\Downloads\\sistema-cooperativa-export\\proyecto-cooperativa\\node_modules\\.cross-spawn-iVUZe2JS',
393 silly reify   'C:\\Users\\Usuario\\Downloads\\sistema-cooperativa-export\\proyecto-cooperativa\\node_modules\\damerau-levenshtein': 'C:\\Users\\Usuario\\Downloads\\sistema-cooperativa-export\\proyecto-cooperativa\\node_modules\\.damerau-levenshtein-199XwqaP',
393 silly reify   'C:\\Users\\Usuario\\Downloads\\sistema-cooperativa-export\\proyecto-cooperativa\\node_modules\\data-uri-to-buffer': 'C:\\Users\\Usuario\\Downloads\\sistema-cooperativa-export\\proyecto-cooperativa\\node_modules\\.data-uri-to-buffer-nEBsyNdL',
393 silly reify   'C:\\Users\\Usuario\\Downloads\\sistema-cooperativa-export\\proyecto-cooperativa\\node_modules\\data-view-buffer': 'C:\\Users\\Usuario\\Downloads\\sistema-cooperativa-export\\proyecto-cooperativa\\node_modules\\.data-view-buffer-5XCn8Dey',
393 silly reify   'C:\\Users\\Usuario\\Downloads\\sistema-cooperativa-export\\proyecto-cooperativa\\node_modules\\data-view-byte-length': 'C:\\Users\\Usuario\\Downloads\\sistema-cooperativa-export\\proyecto-cooperativa\\node_modules\\.data-view-byte-length-YHZP4rzh',
393 silly reify   'C:\\Users\\Usuario\\Downloads\\sistema-cooperativa-export\\proyecto-cooperativa\\node_modules\\data-view-byte-offset': 'C:\\Users\\Usuario\\Downloads\\sistema-cooperativa-export\\proyecto-cooperativa\\node_modules\\.data-view-byte-offset-MVOA2vBD',
393 silly reify   'C:\\Users\\Usuario\\Downloads\\sistema-cooperativa-export\\proyecto-cooperativa\\node_modules\\debug': 'C:\\Users\\Usuario\\Downloads\\sistema-cooperativa-export\\proyecto-cooperativa\\node_modules\\.debug-BgHFGeTh',
393 silly reify   'C:\\Users\\Usuario\\Downloads\\sistema-cooperativa-export\\proyecto-cooperativa\\node_modules\\define-data-property': 'C:\\Users\\Usuario\\Downloads\\sistema-cooperativa-export\\proyecto-cooperativa\\node_modules\\.define-data-property-QEYwAMXr',
393 silly reify   'C:\\Users\\Usuario\\Downloads\\sistema-cooperativa-export\\proyecto-cooperativa\\node_modules\\deep-is': 'C:\\Users\\Usuario\\Downloads\\sistema-cooperativa-export\\proyecto-cooperativa\\node_modules\\.deep-is-3TWos7oe',
393 silly reify   'C:\\Users\\Usuario\\Downloads\\sistema-cooperativa-export\\proyecto-cooperativa\\node_modules\\detect-libc': 'C:\\Users\\Usuario\\Downloads\\sistema-cooperativa-export\\proyecto-cooperativa\\node_modules\\.detect-libc-ZsbXFScY',
393 silly reify   'C:\\Users\\Usuario\\Downloads\\sistema-cooperativa-export\\proyecto-cooperativa\\node_modules\\doctrine': 'C:\\Users\\Usuario\\Downloads\\sistema-cooperativa-export\\proyecto-cooperativa\\node_modules\\.doctrine-ti1EaDhI',
393 silly reify   'C:\\Users\\Usuario\\Downloads\\sistema-cooperativa-export\\proyecto-cooperativa\\node_modules\\ecdsa-sig-formatter': 'C:\\Users\\Usuario\\Downloads\\sistema-cooperativa-export\\proyecto-cooperativa\\node_modules\\.ecdsa-sig-formatter-0q6El3l2',
393 silly reify   'C:\\Users\\Usuario\\Downloads\\sistema-cooperativa-export\\proyecto-cooperativa\\node_modules\\electron-to-chromium': 'C:\\Users\\Usuario\\Downloads\\sistema-cooperativa-export\\proyecto-cooperativa\\node_modules\\.electron-to-chromium-EmQHzPr2',
393 silly reify   'C:\\Users\\Usuario\\Downloads\\sistema-cooperativa-export\\proyecto-cooperativa\\node_modules\\dunder-proto': 'C:\\Users\\Usuario\\Downloads\\sistema-cooperativa-export\\proyecto-cooperativa\\node_modules\\.dunder-proto-iHJkQxCb',
393 silly reify   'C:\\Users\\Usuario\\Downloads\\sistema-cooperativa-export\\proyecto-cooperativa\\node_modules\\emoji-regex': 'C:\\Users\\Usuario\\Downloads\\sistema-cooperativa-export\\proyecto-cooperativa\\node_modules\\.emoji-regex-en1GVRvO',
393 silly reify   'C:\\Users\\Usuario\\Downloads\\sistema-cooperativa-export\\proyecto-cooperativa\\node_modules\\es-abstract': 'C:\\Users\\Usuario\\Downloads\\sistema-cooperativa-export\\proyecto-cooperativa\\node_modules\\.es-abstract-7bLvTJOI',
393 silly reify   'C:\\Users\\Usuario\\Downloads\\sistema-cooperativa-export\\proyecto-cooperativa\\node_modules\\define-properties': 'C:\\Users\\Usuario\\Downloads\\sistema-cooperativa-export\\proyecto-cooperativa\\node_modules\\.define-properties-h5JsMsIy',
393 silly reify   'C:\\Users\\Usuario\\Downloads\\sistema-cooperativa-export\\proyecto-cooperativa\\node_modules\\es-define-property': 'C:\\Users\\Usuario\\Downloads\\sistema-cooperativa-export\\proyecto-cooperativa\\node_modules\\.es-define-property-08Wfr1M2',
393 silly reify   'C:\\Users\\Usuario\\Downloads\\sistema-cooperativa-export\\proyecto-cooperativa\\node_modules\\es-errors': 'C:\\Users\\Usuario\\Downloads\\sistema-cooperativa-export\\proyecto-cooperativa\\node_modules\\.es-errors-BJOhXiEU',
393 silly reify   'C:\\Users\\Usuario\\Downloads\\sistema-cooperativa-export\\proyecto-cooperativa\\node_modules\\es-iterator-helpers': 'C:\\Users\\Usuario\\Downloads\\sistema-cooperativa-export\\proyecto-cooperativa\\node_modules\\.es-iterator-helpers-cPWS7grc',
393 silly reify   'C:\\Users\\Usuario\\Downloads\\sistema-cooperativa-export\\proyecto-cooperativa\\node_modules\\es-object-atoms': 'C:\\Users\\Usuario\\Downloads\\sistema-cooperativa-export\\proyecto-cooperativa\\node_modules\\.es-object-atoms-CKnFK3h9',
393 silly reify   'C:\\Users\\Usuario\\Downloads\\sistema-cooperativa-export\\proyecto-cooperativa\\node_modules\\es-set-tostringtag': 'C:\\Users\\Usuario\\Downloads\\sistema-cooperativa-export\\proyecto-cooperativa\\node_modules\\.es-set-tostringtag-Pyf48E3o',
393 silly reify   'C:\\Users\\Usuario\\Downloads\\sistema-cooperativa-export\\proyecto-cooperativa\\node_modules\\es-shim-unscopables': 'C:\\Users\\Usuario\\Downloads\\sistema-cooperativa-export\\proyecto-cooperativa\\node_modules\\.es-shim-unscopables-mD1ruiZx',
393 silly reify   'C:\\Users\\Usuario\\Downloads\\sistema-cooperativa-export\\proyecto-cooperativa\\node_modules\\escalade': 'C:\\Users\\Usuario\\Downloads\\sistema-cooperativa-export\\proyecto-cooperativa\\node_modules\\.escalade-D0yAJWNp',
393 silly reify   'C:\\Users\\Usuario\\Downloads\\sistema-cooperativa-export\\proyecto-cooperativa\\node_modules\\es-to-primitive': 'C:\\Users\\Usuario\\Downloads\\sistema-cooperativa-export\\proyecto-cooperativa\\node_modules\\.es-to-primitive-0BQ861lw',
393 silly reify   'C:\\Users\\Usuario\\Downloads\\sistema-cooperativa-export\\proyecto-cooperativa\\node_modules\\escape-string-regexp': 'C:\\Users\\Usuario\\Downloads\\sistema-cooperativa-export\\proyecto-cooperativa\\node_modules\\.escape-string-regexp-vlJI5rlg',
393 silly reify   'C:\\Users\\Usuario\\Downloads\\sistema-cooperativa-export\\proyecto-cooperativa\\node_modules\\eslint': 'C:\\Users\\Usuario\\Downloads\\sistema-cooperativa-export\\proyecto-cooperativa\\node_modules\\.eslint-EH0S59J8',
393 silly reify   'C:\\Users\\Usuario\\Downloads\\sistema-cooperativa-export\\proyecto-cooperativa\\node_modules\\eslint-import-resolver-node': 'C:\\Users\\Usuario\\Downloads\\sistema-cooperativa-export\\proyecto-cooperativa\\node_modules\\.eslint-import-resolver-node-pc8dNBAG',
393 silly reify   'C:\\Users\\Usuario\\Downloads\\sistema-cooperativa-export\\proyecto-cooperativa\\node_modules\\eslint-config-next': 'C:\\Users\\Usuario\\Downloads\\sistema-cooperativa-export\\proyecto-cooperativa\\node_modules\\.eslint-config-next-jGgP9Zcm',
393 silly reify   'C:\\Users\\Usuario\\Downloads\\sistema-cooperativa-export\\proyecto-cooperativa\\node_modules\\eslint-import-resolver-typescript': 'C:\\Users\\Usuario\\Downloads\\sistema-cooperativa-export\\proyecto-cooperativa\\node_modules\\.eslint-import-resolver-typescript-sFLgg5Rn',
393 silly reify   'C:\\Users\\Usuario\\Downloads\\sistema-cooperativa-export\\proyecto-cooperativa\\node_modules\\eslint-module-utils': 'C:\\Users\\Usuario\\Downloads\\sistema-cooperativa-export\\proyecto-cooperativa\\node_modules\\.eslint-module-utils-EQBYgAL0',
393 silly reify   'C:\\Users\\Usuario\\Downloads\\sistema-cooperativa-export\\proyecto-cooperativa\\node_modules\\eslint-plugin-import': 'C:\\Users\\Usuario\\Downloads\\sistema-cooperativa-export\\proyecto-cooperativa\\node_modules\\.eslint-plugin-import-Znpt4s9P',
393 silly reify   'C:\\Users\\Usuario\\Downloads\\sistema-cooperativa-export\\proyecto-cooperativa\\node_modules\\eslint-plugin-jsx-a11y': 'C:\\Users\\Usuario\\Downloads\\sistema-cooperativa-export\\proyecto-cooperativa\\node_modules\\.eslint-plugin-jsx-a11y-oJTPN7Jd',
393 silly reify   'C:\\Users\\Usuario\\Downloads\\sistema-cooperativa-export\\proyecto-cooperativa\\node_modules\\eslint-plugin-react': 'C:\\Users\\Usuario\\Downloads\\sistema-cooperativa-export\\proyecto-cooperativa\\node_modules\\.eslint-plugin-react-tlK3biMG',
393 silly reify   'C:\\Users\\Usuario\\Downloads\\sistema-cooperativa-export\\proyecto-cooperativa\\node_modules\\eslint-plugin-react-hooks': 'C:\\Users\\Usuario\\Downloads\\sistema-cooperativa-export\\proyecto-cooperativa\\node_modules\\.eslint-plugin-react-hooks-fTTlQHhr',
393 silly reify   'C:\\Users\\Usuario\\Downloads\\sistema-cooperativa-export\\proyecto-cooperativa\\node_modules\\eslint-scope': 'C:\\Users\\Usuario\\Downloads\\sistema-cooperativa-export\\proyecto-cooperativa\\node_modules\\.eslint-scope-0OON7Wq3',
393 silly reify   'C:\\Users\\Usuario\\Downloads\\sistema-cooperativa-export\\proyecto-cooperativa\\node_modules\\eslint-visitor-keys': 'C:\\Users\\Usuario\\Downloads\\sistema-cooperativa-export\\proyecto-cooperativa\\node_modules\\.eslint-visitor-keys-DayfcBK6',
393 silly reify   'C:\\Users\\Usuario\\Downloads\\sistema-cooperativa-export\\proyecto-cooperativa\\node_modules\\espree': 'C:\\Users\\Usuario\\Downloads\\sistema-cooperativa-export\\proyecto-cooperativa\\node_modules\\.espree-t7m76bCq',
393 silly reify   'C:\\Users\\Usuario\\Downloads\\sistema-cooperativa-export\\proyecto-cooperativa\\node_modules\\esquery': 'C:\\Users\\Usuario\\Downloads\\sistema-cooperativa-export\\proyecto-cooperativa\\node_modules\\.esquery-ZWHYEInO',
393 silly reify   'C:\\Users\\Usuario\\Downloads\\sistema-cooperativa-export\\proyecto-cooperativa\\node_modules\\enhanced-resolve': 'C:\\Users\\Usuario\\Downloads\\sistema-cooperativa-export\\proyecto-cooperativa\\node_modules\\.enhanced-resolve-9XsZvNIM',
393 silly reify   'C:\\Users\\Usuario\\Downloads\\sistema-cooperativa-export\\proyecto-cooperativa\\node_modules\\esrecurse': 'C:\\Users\\Usuario\\Downloads\\sistema-cooperativa-export\\proyecto-cooperativa\\node_modules\\.esrecurse-lMi4ChPj',
393 silly reify   'C:\\Users\\Usuario\\Downloads\\sistema-cooperativa-export\\proyecto-cooperativa\\node_modules\\estraverse': 'C:\\Users\\Usuario\\Downloads\\sistema-cooperativa-export\\proyecto-cooperativa\\node_modules\\.estraverse-e3O3wjqu',
393 silly reify   'C:\\Users\\Usuario\\Downloads\\sistema-cooperativa-export\\proyecto-cooperativa\\node_modules\\esutils': 'C:\\Users\\Usuario\\Downloads\\sistema-cooperativa-export\\proyecto-cooperativa\\node_modules\\.esutils-1l4cxUFg',
393 silly reify   'C:\\Users\\Usuario\\Downloads\\sistema-cooperativa-export\\proyecto-cooperativa\\node_modules\\extend': 'C:\\Users\\Usuario\\Downloads\\sistema-cooperativa-export\\proyecto-cooperativa\\node_modules\\.extend-1fUr8dnG',
393 silly reify   'C:\\Users\\Usuario\\Downloads\\sistema-cooperativa-export\\proyecto-cooperativa\\node_modules\\fast-deep-equal': 'C:\\Users\\Usuario\\Downloads\\sistema-cooperativa-export\\proyecto-cooperativa\\node_modules\\.fast-deep-equal-OF7m9Ols',
393 silly reify   'C:\\Users\\Usuario\\Downloads\\sistema-cooperativa-export\\proyecto-cooperativa\\node_modules\\fast-glob': 'C:\\Users\\Usuario\\Downloads\\sistema-cooperativa-export\\proyecto-cooperativa\\node_modules\\.fast-glob-x6JMe12X',
393 silly reify   'C:\\Users\\Usuario\\Downloads\\sistema-cooperativa-export\\proyecto-cooperativa\\node_modules\\fast-levenshtein': 'C:\\Users\\Usuario\\Downloads\\sistema-cooperativa-export\\proyecto-cooperativa\\node_modules\\.fast-levenshtein-b22fppsC',
393 silly reify   'C:\\Users\\Usuario\\Downloads\\sistema-cooperativa-export\\proyecto-cooperativa\\node_modules\\fast-json-stable-stringify': 'C:\\Users\\Usuario\\Downloads\\sistema-cooperativa-export\\proyecto-cooperativa\\node_modules\\.fast-json-stable-stringify-nEJORgQw',
393 silly reify   'C:\\Users\\Usuario\\Downloads\\sistema-cooperativa-export\\proyecto-cooperativa\\node_modules\\fastq': 'C:\\Users\\Usuario\\Downloads\\sistema-cooperativa-export\\proyecto-cooperativa\\node_modules\\.fastq-B1QEJPIg',
393 silly reify   'C:\\Users\\Usuario\\Downloads\\sistema-cooperativa-export\\proyecto-cooperativa\\node_modules\\fill-range': 'C:\\Users\\Usuario\\Downloads\\sistema-cooperativa-export\\proyecto-cooperativa\\node_modules\\.fill-range-NUF9Svp5',
393 silly reify   'C:\\Users\\Usuario\\Downloads\\sistema-cooperativa-export\\proyecto-cooperativa\\node_modules\\file-entry-cache': 'C:\\Users\\Usuario\\Downloads\\sistema-cooperativa-export\\proyecto-cooperativa\\node_modules\\.file-entry-cache-9A0GFu2U',
393 silly reify   'C:\\Users\\Usuario\\Downloads\\sistema-cooperativa-export\\proyecto-cooperativa\\node_modules\\find-up': 'C:\\Users\\Usuario\\Downloads\\sistema-cooperativa-export\\proyecto-cooperativa\\node_modules\\.find-up-9A7kkvMs',
393 silly reify   'C:\\Users\\Usuario\\Downloads\\sistema-cooperativa-export\\proyecto-cooperativa\\node_modules\\flat-cache': 'C:\\Users\\Usuario\\Downloads\\sistema-cooperativa-export\\proyecto-cooperativa\\node_modules\\.flat-cache-8d3mMCPS',
393 silly reify   'C:\\Users\\Usuario\\Downloads\\sistema-cooperativa-export\\proyecto-cooperativa\\node_modules\\flatted': 'C:\\Users\\Usuario\\Downloads\\sistema-cooperativa-export\\proyecto-cooperativa\\node_modules\\.flatted-VDjPf09o',
393 silly reify   'C:\\Users\\Usuario\\Downloads\\sistema-cooperativa-export\\proyecto-cooperativa\\node_modules\\for-each': 'C:\\Users\\Usuario\\Downloads\\sistema-cooperativa-export\\proyecto-cooperativa\\node_modules\\.for-each-eOv3hcLe',
393 silly reify   'C:\\Users\\Usuario\\Downloads\\sistema-cooperativa-export\\proyecto-cooperativa\\node_modules\\fetch-blob': 'C:\\Users\\Usuario\\Downloads\\sistema-cooperativa-export\\proyecto-cooperativa\\node_modules\\.fetch-blob-XL8EUztK',
393 silly reify   'C:\\Users\\Usuario\\Downloads\\sistema-cooperativa-export\\proyecto-cooperativa\\node_modules\\formdata-polyfill': 'C:\\Users\\Usuario\\Downloads\\sistema-cooperativa-export\\proyecto-cooperativa\\node_modules\\.formdata-polyfill-yBkGamtm',
393 silly reify   'C:\\Users\\Usuario\\Downloads\\sistema-cooperativa-export\\proyecto-cooperativa\\node_modules\\function.prototype.name': 'C:\\Users\\Usuario\\Downloads\\sistema-cooperativa-export\\proyecto-cooperativa\\node_modules\\.function.prototype.name-ZCuz7MfX',
393 silly reify   'C:\\Users\\Usuario\\Downloads\\sistema-cooperativa-export\\proyecto-cooperativa\\node_modules\\function-bind': 'C:\\Users\\Usuario\\Downloads\\sistema-cooperativa-export\\proyecto-cooperativa\\node_modules\\.function-bind-T0aW4oRZ',
393 silly reify   'C:\\Users\\Usuario\\Downloads\\sistema-cooperativa-export\\proyecto-cooperativa\\node_modules\\gcp-metadata': 'C:\\Users\\Usuario\\Downloads\\sistema-cooperativa-export\\proyecto-cooperativa\\node_modules\\.gcp-metadata-rbYsWrul',
393 silly reify   'C:\\Users\\Usuario\\Downloads\\sistema-cooperativa-export\\proyecto-cooperativa\\node_modules\\functions-have-names': 'C:\\Users\\Usuario\\Downloads\\sistema-cooperativa-export\\proyecto-cooperativa\\node_modules\\.functions-have-names-QoyCVZxR',
393 silly reify   'C:\\Users\\Usuario\\Downloads\\sistema-cooperativa-export\\proyecto-cooperativa\\node_modules\\generator-function': 'C:\\Users\\Usuario\\Downloads\\sistema-cooperativa-export\\proyecto-cooperativa\\node_modules\\.generator-function-xFeVYW4W',
393 silly reify   'C:\\Users\\Usuario\\Downloads\\sistema-cooperativa-export\\proyecto-cooperativa\\node_modules\\gensync': 'C:\\Users\\Usuario\\Downloads\\sistema-cooperativa-export\\proyecto-cooperativa\\node_modules\\.gensync-ihFDzi8O',
393 silly reify   'C:\\Users\\Usuario\\Downloads\\sistema-cooperativa-export\\proyecto-cooperativa\\node_modules\\get-intrinsic': 'C:\\Users\\Usuario\\Downloads\\sistema-cooperativa-export\\proyecto-cooperativa\\node_modules\\.get-intrinsic-833d3yjM',
393 silly reify   'C:\\Users\\Usuario\\Downloads\\sistema-cooperativa-export\\proyecto-cooperativa\\node_modules\\get-symbol-description': 'C:\\Users\\Usuario\\Downloads\\sistema-cooperativa-export\\proyecto-cooperativa\\node_modules\\.get-symbol-description-1XVaOAoR',
393 silly reify   'C:\\Users\\Usuario\\Downloads\\sistema-cooperativa-export\\proyecto-cooperativa\\node_modules\\get-tsconfig': 'C:\\Users\\Usuario\\Downloads\\sistema-cooperativa-export\\proyecto-cooperativa\\node_modules\\.get-tsconfig-U9NCCKoD',
393 silly reify   'C:\\Users\\Usuario\\Downloads\\sistema-cooperativa-export\\proyecto-cooperativa\\node_modules\\glob-parent': 'C:\\Users\\Usuario\\Downloads\\sistema-cooperativa-export\\proyecto-cooperativa\\node_modules\\.glob-parent-1awV73lN',
393 silly reify   'C:\\Users\\Usuario\\Downloads\\sistema-cooperativa-export\\proyecto-cooperativa\\node_modules\\globals': 'C:\\Users\\Usuario\\Downloads\\sistema-cooperativa-export\\proyecto-cooperativa\\node_modules\\.globals-XuR5K1aP',
393 silly reify   'C:\\Users\\Usuario\\Downloads\\sistema-cooperativa-export\\proyecto-cooperativa\\node_modules\\globalthis': 'C:\\Users\\Usuario\\Downloads\\sistema-cooperativa-export\\proyecto-cooperativa\\node_modules\\.globalthis-Xxi4XEWn',
393 silly reify   'C:\\Users\\Usuario\\Downloads\\sistema-cooperativa-export\\proyecto-cooperativa\\node_modules\\google-auth-library': 'C:\\Users\\Usuario\\Downloads\\sistema-cooperativa-export\\proyecto-cooperativa\\node_modules\\.google-auth-library-OWAjZpE0',
393 silly reify   'C:\\Users\\Usuario\\Downloads\\sistema-cooperativa-export\\proyecto-cooperativa\\node_modules\\google-logging-utils': 'C:\\Users\\Usuario\\Downloads\\sistema-cooperativa-export\\proyecto-cooperativa\\node_modules\\.google-logging-utils-n80KQcqx',
393 silly reify   'C:\\Users\\Usuario\\Downloads\\sistema-cooperativa-export\\proyecto-cooperativa\\node_modules\\get-proto': 'C:\\Users\\Usuario\\Downloads\\sistema-cooperativa-export\\proyecto-cooperativa\\node_modules\\.get-proto-Bl4nfy64',
393 silly reify   'C:\\Users\\Usuario\\Downloads\\sistema-cooperativa-export\\proyecto-cooperativa\\node_modules\\gopd': 'C:\\Users\\Usuario\\Downloads\\sistema-cooperativa-export\\proyecto-cooperativa\\node_modules\\.gopd-zf2x3VrX',
393 silly reify   'C:\\Users\\Usuario\\Downloads\\sistema-cooperativa-export\\proyecto-cooperativa\\node_modules\\graceful-fs': 'C:\\Users\\Usuario\\Downloads\\sistema-cooperativa-export\\proyecto-cooperativa\\node_modules\\.graceful-fs-pF6kjdbe',
393 silly reify   'C:\\Users\\Usuario\\Downloads\\sistema-cooperativa-export\\proyecto-cooperativa\\node_modules\\has-bigints': 'C:\\Users\\Usuario\\Downloads\\sistema-cooperativa-export\\proyecto-cooperativa\\node_modules\\.has-bigints-3bIyVkLE',
393 silly reify   'C:\\Users\\Usuario\\Downloads\\sistema-cooperativa-export\\proyecto-cooperativa\\node_modules\\has-flag': 'C:\\Users\\Usuario\\Downloads\\sistema-cooperativa-export\\proyecto-cooperativa\\node_modules\\.has-flag-b2JT3NCx',
393 silly reify   'C:\\Users\\Usuario\\Downloads\\sistema-cooperativa-export\\proyecto-cooperativa\\node_modules\\has-property-descriptors': 'C:\\Users\\Usuario\\Downloads\\sistema-cooperativa-export\\proyecto-cooperativa\\node_modules\\.has-property-descriptors-bQrk9hSy',
393 silly reify   'C:\\Users\\Usuario\\Downloads\\sistema-cooperativa-export\\proyecto-cooperativa\\node_modules\\has-proto': 'C:\\Users\\Usuario\\Downloads\\sistema-cooperativa-export\\proyecto-cooperativa\\node_modules\\.has-proto-9voB2RSq',
393 silly reify   'C:\\Users\\Usuario\\Downloads\\sistema-cooperativa-export\\proyecto-cooperativa\\node_modules\\gaxios': 'C:\\Users\\Usuario\\Downloads\\sistema-cooperativa-export\\proyecto-cooperativa\\node_modules\\.gaxios-u0Gsc72t',
393 silly reify   'C:\\Users\\Usuario\\Downloads\\sistema-cooperativa-export\\proyecto-cooperativa\\node_modules\\has-tostringtag': 'C:\\Users\\Usuario\\Downloads\\sistema-cooperativa-export\\proyecto-cooperativa\\node_modules\\.has-tostringtag-i9xvdeRO',
393 silly reify   'C:\\Users\\Usuario\\Downloads\\sistema-cooperativa-export\\proyecto-cooperativa\\node_modules\\hasown': 'C:\\Users\\Usuario\\Downloads\\sistema-cooperativa-export\\proyecto-cooperativa\\node_modules\\.hasown-AReZz4UP',
393 silly reify   'C:\\Users\\Usuario\\Downloads\\sistema-cooperativa-export\\proyecto-cooperativa\\node_modules\\hermes-parser': 'C:\\Users\\Usuario\\Downloads\\sistema-cooperativa-export\\proyecto-cooperativa\\node_modules\\.hermes-parser-9t4JXVMp',
393 silly reify   'C:\\Users\\Usuario\\Downloads\\sistema-cooperativa-export\\proyecto-cooperativa\\node_modules\\hermes-estree': 'C:\\Users\\Usuario\\Downloads\\sistema-cooperativa-export\\proyecto-cooperativa\\node_modules\\.hermes-estree-50TByB7t',
393 silly reify   'C:\\Users\\Usuario\\Downloads\\sistema-cooperativa-export\\proyecto-cooperativa\\node_modules\\https-proxy-agent': 'C:\\Users\\Usuario\\Downloads\\sistema-cooperativa-export\\proyecto-cooperativa\\node_modules\\.https-proxy-agent-XWiCOddP',
393 silly reify   'C:\\Users\\Usuario\\Downloads\\sistema-cooperativa-export\\proyecto-cooperativa\\node_modules\\iceberg-js': 'C:\\Users\\Usuario\\Downloads\\sistema-cooperativa-export\\proyecto-cooperativa\\node_modules\\.iceberg-js-zFrmeahP',
393 silly reify   'C:\\Users\\Usuario\\Downloads\\sistema-cooperativa-export\\proyecto-cooperativa\\node_modules\\ignore': 'C:\\Users\\Usuario\\Downloads\\sistema-cooperativa-export\\proyecto-cooperativa\\node_modules\\.ignore-UUsmZ8W7',
393 silly reify   'C:\\Users\\Usuario\\Downloads\\sistema-cooperativa-export\\proyecto-cooperativa\\node_modules\\import-fresh': 'C:\\Users\\Usuario\\Downloads\\sistema-cooperativa-export\\proyecto-cooperativa\\node_modules\\.import-fresh-w2yhUqi9',
393 silly reify   'C:\\Users\\Usuario\\Downloads\\sistema-cooperativa-export\\proyecto-cooperativa\\node_modules\\imurmurhash': 'C:\\Users\\Usuario\\Downloads\\sistema-cooperativa-export\\proyecto-cooperativa\\node_modules\\.imurmurhash-yf9z2h7E',
393 silly reify   'C:\\Users\\Usuario\\Downloads\\sistema-cooperativa-export\\proyecto-cooperativa\\node_modules\\internal-slot': 'C:\\Users\\Usuario\\Downloads\\sistema-cooperativa-export\\proyecto-cooperativa\\node_modules\\.internal-slot-jC2KGNoW',
393 silly reify   'C:\\Users\\Usuario\\Downloads\\sistema-cooperativa-export\\proyecto-cooperativa\\node_modules\\is-array-buffer': 'C:\\Users\\Usuario\\Downloads\\sistema-cooperativa-export\\proyecto-cooperativa\\node_modules\\.is-array-buffer-iXprwXv4',
393 silly reify   'C:\\Users\\Usuario\\Downloads\\sistema-cooperativa-export\\proyecto-cooperativa\\node_modules\\is-async-function': 'C:\\Users\\Usuario\\Downloads\\sistema-cooperativa-export\\proyecto-cooperativa\\node_modules\\.is-async-function-FSJpE9lQ',
393 silly reify   'C:\\Users\\Usuario\\Downloads\\sistema-cooperativa-export\\proyecto-cooperativa\\node_modules\\is-boolean-object': 'C:\\Users\\Usuario\\Downloads\\sistema-cooperativa-export\\proyecto-cooperativa\\node_modules\\.is-boolean-object-ZszsnEsV',
393 silly reify   'C:\\Users\\Usuario\\Downloads\\sistema-cooperativa-export\\proyecto-cooperativa\\node_modules\\is-bigint': 'C:\\Users\\Usuario\\Downloads\\sistema-cooperativa-export\\proyecto-cooperativa\\node_modules\\.is-bigint-IkXTjtZ7',
393 silly reify   'C:\\Users\\Usuario\\Downloads\\sistema-cooperativa-export\\proyecto-cooperativa\\node_modules\\is-bun-module': 'C:\\Users\\Usuario\\Downloads\\sistema-cooperativa-export\\proyecto-cooperativa\\node_modules\\.is-bun-module-hdj91iJX',
393 silly reify   'C:\\Users\\Usuario\\Downloads\\sistema-cooperativa-export\\proyecto-cooperativa\\node_modules\\is-callable': 'C:\\Users\\Usuario\\Downloads\\sistema-cooperativa-export\\proyecto-cooperativa\\node_modules\\.is-callable-pnxnB65A',
393 silly reify   'C:\\Users\\Usuario\\Downloads\\sistema-cooperativa-export\\proyecto-cooperativa\\node_modules\\is-core-module': 'C:\\Users\\Usuario\\Downloads\\sistema-cooperativa-export\\proyecto-cooperativa\\node_modules\\.is-core-module-OvfirOJi',
393 silly reify   'C:\\Users\\Usuario\\Downloads\\sistema-cooperativa-export\\proyecto-cooperativa\\node_modules\\has-symbols': 'C:\\Users\\Usuario\\Downloads\\sistema-cooperativa-export\\proyecto-cooperativa\\node_modules\\.has-symbols-Hyfscq7k',
393 silly reify   'C:\\Users\\Usuario\\Downloads\\sistema-cooperativa-export\\proyecto-cooperativa\\node_modules\\is-data-view': 'C:\\Users\\Usuario\\Downloads\\sistema-cooperativa-export\\proyecto-cooperativa\\node_modules\\.is-data-view-4O0e0MUm',
393 silly reify   'C:\\Users\\Usuario\\Downloads\\sistema-cooperativa-export\\proyecto-cooperativa\\node_modules\\is-date-object': 'C:\\Users\\Usuario\\Downloads\\sistema-cooperativa-export\\proyecto-cooperativa\\node_modules\\.is-date-object-oQ1bkpxw',
393 silly reify   'C:\\Users\\Usuario\\Downloads\\sistema-cooperativa-export\\proyecto-cooperativa\\node_modules\\is-extglob': 'C:\\Users\\Usuario\\Downloads\\sistema-cooperativa-export\\proyecto-cooperativa\\node_modules\\.is-extglob-TpDUcOIW',
393 silly reify   'C:\\Users\\Usuario\\Downloads\\sistema-cooperativa-export\\proyecto-cooperativa\\node_modules\\is-finalizationregistry': 'C:\\Users\\Usuario\\Downloads\\sistema-cooperativa-export\\proyecto-cooperativa\\node_modules\\.is-finalizationregistry-Y5va59md',
393 silly reify   'C:\\Users\\Usuario\\Downloads\\sistema-cooperativa-export\\proyecto-cooperativa\\node_modules\\is-generator-function': 'C:\\Users\\Usuario\\Downloads\\sistema-cooperativa-export\\proyecto-cooperativa\\node_modules\\.is-generator-function-Q5x4NuCZ',
393 silly reify   'C:\\Users\\Usuario\\Downloads\\sistema-cooperativa-export\\proyecto-cooperativa\\node_modules\\is-map': 'C:\\Users\\Usuario\\Downloads\\sistema-cooperativa-export\\proyecto-cooperativa\\node_modules\\.is-map-mG9rMmvZ',
393 silly reify   'C:\\Users\\Usuario\\Downloads\\sistema-cooperativa-export\\proyecto-cooperativa\\node_modules\\is-glob': 'C:\\Users\\Usuario\\Downloads\\sistema-cooperativa-export\\proyecto-cooperativa\\node_modules\\.is-glob-qxpKCXQE',
393 silly reify   'C:\\Users\\Usuario\\Downloads\\sistema-cooperativa-export\\proyecto-cooperativa\\node_modules\\is-negative-zero': 'C:\\Users\\Usuario\\Downloads\\sistema-cooperativa-export\\proyecto-cooperativa\\node_modules\\.is-negative-zero-dI1POfAn',
393 silly reify   'C:\\Users\\Usuario\\Downloads\\sistema-cooperativa-export\\proyecto-cooperativa\\node_modules\\is-number': 'C:\\Users\\Usuario\\Downloads\\sistema-cooperativa-export\\proyecto-cooperativa\\node_modules\\.is-number-IjW6giAM',
393 silly reify   'C:\\Users\\Usuario\\Downloads\\sistema-cooperativa-export\\proyecto-cooperativa\\node_modules\\is-number-object': 'C:\\Users\\Usuario\\Downloads\\sistema-cooperativa-export\\proyecto-cooperativa\\node_modules\\.is-number-object-REtslthS',
393 silly reify   'C:\\Users\\Usuario\\Downloads\\sistema-cooperativa-export\\proyecto-cooperativa\\node_modules\\is-regex': 'C:\\Users\\Usuario\\Downloads\\sistema-cooperativa-export\\proyecto-cooperativa\\node_modules\\.is-regex-fTCrGjHP',
393 silly reify   'C:\\Users\\Usuario\\Downloads\\sistema-cooperativa-export\\proyecto-cooperativa\\node_modules\\is-set': 'C:\\Users\\Usuario\\Downloads\\sistema-cooperativa-export\\proyecto-cooperativa\\node_modules\\.is-set-tBlmJesg',
393 silly reify   'C:\\Users\\Usuario\\Downloads\\sistema-cooperativa-export\\proyecto-cooperativa\\node_modules\\is-shared-array-buffer': 'C:\\Users\\Usuario\\Downloads\\sistema-cooperativa-export\\proyecto-cooperativa\\node_modules\\.is-shared-array-buffer-dQtz41xv',
393 silly reify   'C:\\Users\\Usuario\\Downloads\\sistema-cooperativa-export\\proyecto-cooperativa\\node_modules\\is-string': 'C:\\Users\\Usuario\\Downloads\\sistema-cooperativa-export\\proyecto-cooperativa\\node_modules\\.is-string-vSQSQOsY',
393 silly reify   'C:\\Users\\Usuario\\Downloads\\sistema-cooperativa-export\\proyecto-cooperativa\\node_modules\\is-symbol': 'C:\\Users\\Usuario\\Downloads\\sistema-cooperativa-export\\proyecto-cooperativa\\node_modules\\.is-symbol-aqFYJvyX',
393 silly reify   'C:\\Users\\Usuario\\Downloads\\sistema-cooperativa-export\\proyecto-cooperativa\\node_modules\\is-weakmap': 'C:\\Users\\Usuario\\Downloads\\sistema-cooperativa-export\\proyecto-cooperativa\\node_modules\\.is-weakmap-nLFY4a6n',
393 silly reify   'C:\\Users\\Usuario\\Downloads\\sistema-cooperativa-export\\proyecto-cooperativa\\node_modules\\is-typed-array': 'C:\\Users\\Usuario\\Downloads\\sistema-cooperativa-export\\proyecto-cooperativa\\node_modules\\.is-typed-array-hHAAmc4o',
393 silly reify   'C:\\Users\\Usuario\\Downloads\\sistema-cooperativa-export\\proyecto-cooperativa\\node_modules\\is-weakref': 'C:\\Users\\Usuario\\Downloads\\sistema-cooperativa-export\\proyecto-cooperativa\\node_modules\\.is-weakref-s6SR8j3u',
393 silly reify   'C:\\Users\\Usuario\\Downloads\\sistema-cooperativa-export\\proyecto-cooperativa\\node_modules\\is-weakset': 'C:\\Users\\Usuario\\Downloads\\sistema-cooperativa-export\\proyecto-cooperativa\\node_modules\\.is-weakset-tv1XlI1j',
393 silly reify   'C:\\Users\\Usuario\\Downloads\\sistema-cooperativa-export\\proyecto-cooperativa\\node_modules\\isarray': 'C:\\Users\\Usuario\\Downloads\\sistema-cooperativa-export\\proyecto-cooperativa\\node_modules\\.isarray-SVSZwCML',
393 silly reify   'C:\\Users\\Usuario\\Downloads\\sistema-cooperativa-export\\proyecto-cooperativa\\node_modules\\isexe': 'C:\\Users\\Usuario\\Downloads\\sistema-cooperativa-export\\proyecto-cooperativa\\node_modules\\.isexe-mHZ3KcBd',
393 silly reify   'C:\\Users\\Usuario\\Downloads\\sistema-cooperativa-export\\proyecto-cooperativa\\node_modules\\iterator.prototype': 'C:\\Users\\Usuario\\Downloads\\sistema-cooperativa-export\\proyecto-cooperativa\\node_modules\\.iterator.prototype-MTx1Owwv',
393 silly reify   'C:\\Users\\Usuario\\Downloads\\sistema-cooperativa-export\\proyecto-cooperativa\\node_modules\\jiti': 'C:\\Users\\Usuario\\Downloads\\sistema-cooperativa-export\\proyecto-cooperativa\\node_modules\\.jiti-sXoKkp5c',
393 silly reify   'C:\\Users\\Usuario\\Downloads\\sistema-cooperativa-export\\proyecto-cooperativa\\node_modules\\js-tokens': 'C:\\Users\\Usuario\\Downloads\\sistema-cooperativa-export\\proyecto-cooperativa\\node_modules\\.js-tokens-MdGuqV0n',
393 silly reify   'C:\\Users\\Usuario\\Downloads\\sistema-cooperativa-export\\proyecto-cooperativa\\node_modules\\js-yaml': 'C:\\Users\\Usuario\\Downloads\\sistema-cooperativa-export\\proyecto-cooperativa\\node_modules\\.js-yaml-0zBvjO2L',
393 silly reify   'C:\\Users\\Usuario\\Downloads\\sistema-cooperativa-export\\proyecto-cooperativa\\node_modules\\json-bigint': 'C:\\Users\\Usuario\\Downloads\\sistema-cooperativa-export\\proyecto-cooperativa\\node_modules\\.json-bigint-Kh9sImV1',
393 silly reify   'C:\\Users\\Usuario\\Downloads\\sistema-cooperativa-export\\proyecto-cooperativa\\node_modules\\jsesc': 'C:\\Users\\Usuario\\Downloads\\sistema-cooperativa-export\\proyecto-cooperativa\\node_modules\\.jsesc-FYJT6loE',
393 silly reify   'C:\\Users\\Usuario\\Downloads\\sistema-cooperativa-export\\proyecto-cooperativa\\node_modules\\json-buffer': 'C:\\Users\\Usuario\\Downloads\\sistema-cooperativa-export\\proyecto-cooperativa\\node_modules\\.json-buffer-uNWsiSK8',
393 silly reify   'C:\\Users\\Usuario\\Downloads\\sistema-cooperativa-export\\proyecto-cooperativa\\node_modules\\json-schema-traverse': 'C:\\Users\\Usuario\\Downloads\\sistema-cooperativa-export\\proyecto-cooperativa\\node_modules\\.json-schema-traverse-3AlYhZIN',
393 silly reify   'C:\\Users\\Usuario\\Downloads\\sistema-cooperativa-export\\proyecto-cooperativa\\node_modules\\json5': 'C:\\Users\\Usuario\\Downloads\\sistema-cooperativa-export\\proyecto-cooperativa\\node_modules\\.json5-UkSIF10F',
393 silly reify   'C:\\Users\\Usuario\\Downloads\\sistema-cooperativa-export\\proyecto-cooperativa\\node_modules\\json-stable-stringify-without-jsonify': 'C:\\Users\\Usuario\\Downloads\\sistema-cooperativa-export\\proyecto-cooperativa\\node_modules\\.json-stable-stringify-without-jsonify-IWbVbDo3',
393 silly reify   'C:\\Users\\Usuario\\Downloads\\sistema-cooperativa-export\\proyecto-cooperativa\\node_modules\\jsx-ast-utils': 'C:\\Users\\Usuario\\Downloads\\sistema-cooperativa-export\\proyecto-cooperativa\\node_modules\\.jsx-ast-utils-hI4S34m4',
393 silly reify   'C:\\Users\\Usuario\\Downloads\\sistema-cooperativa-export\\proyecto-cooperativa\\node_modules\\jwa': 'C:\\Users\\Usuario\\Downloads\\sistema-cooperativa-export\\proyecto-cooperativa\\node_modules\\.jwa-c6nEx3qf',
393 silly reify   'C:\\Users\\Usuario\\Downloads\\sistema-cooperativa-export\\proyecto-cooperativa\\node_modules\\jws': 'C:\\Users\\Usuario\\Downloads\\sistema-cooperativa-export\\proyecto-cooperativa\\node_modules\\.jws-oqq4rYGw',
393 silly reify   'C:\\Users\\Usuario\\Downloads\\sistema-cooperativa-export\\proyecto-cooperativa\\node_modules\\keyv': 'C:\\Users\\Usuario\\Downloads\\sistema-cooperativa-export\\proyecto-cooperativa\\node_modules\\.keyv-5cDltoNf',
393 silly reify   'C:\\Users\\Usuario\\Downloads\\sistema-cooperativa-export\\proyecto-cooperativa\\node_modules\\language-subtag-registry': 'C:\\Users\\Usuario\\Downloads\\sistema-cooperativa-export\\proyecto-cooperativa\\node_modules\\.language-subtag-registry-Wtqcvoei',
393 silly reify   'C:\\Users\\Usuario\\Downloads\\sistema-cooperativa-export\\proyecto-cooperativa\\node_modules\\language-tags': 'C:\\Users\\Usuario\\Downloads\\sistema-cooperativa-export\\proyecto-cooperativa\\node_modules\\.language-tags-V1vy4gbB',
393 silly reify   'C:\\Users\\Usuario\\Downloads\\sistema-cooperativa-export\\proyecto-cooperativa\\node_modules\\levn': 'C:\\Users\\Usuario\\Downloads\\sistema-cooperativa-export\\proyecto-cooperativa\\node_modules\\.levn-XVsWckCZ',
393 silly reify   'C:\\Users\\Usuario\\Downloads\\sistema-cooperativa-export\\proyecto-cooperativa\\node_modules\\lightningcss': 'C:\\Users\\Usuario\\Downloads\\sistema-cooperativa-export\\proyecto-cooperativa\\node_modules\\.lightningcss-xzopHc0i',
393 silly reify   'C:\\Users\\Usuario\\Downloads\\sistema-cooperativa-export\\proyecto-cooperativa\\node_modules\\lightningcss-win32-x64-msvc': 'C:\\Users\\Usuario\\Downloads\\sistema-cooperativa-export\\proyecto-cooperativa\\node_modules\\.lightningcss-win32-x64-msvc-Y7Dt3els',
393 silly reify   'C:\\Users\\Usuario\\Downloads\\sistema-cooperativa-export\\proyecto-cooperativa\\node_modules\\locate-path': 'C:\\Users\\Usuario\\Downloads\\sistema-cooperativa-export\\proyecto-cooperativa\\node_modules\\.locate-path-9Mfl6aC1',
393 silly reify   'C:\\Users\\Usuario\\Downloads\\sistema-cooperativa-export\\proyecto-cooperativa\\node_modules\\lodash.merge': 'C:\\Users\\Usuario\\Downloads\\sistema-cooperativa-export\\proyecto-cooperativa\\node_modules\\.lodash.merge-AINIrq2s',
393 silly reify   'C:\\Users\\Usuario\\Downloads\\sistema-cooperativa-export\\proyecto-cooperativa\\node_modules\\loose-envify': 'C:\\Users\\Usuario\\Downloads\\sistema-cooperativa-export\\proyecto-cooperativa\\node_modules\\.loose-envify-MKPVUMwY',
393 silly reify   'C:\\Users\\Usuario\\Downloads\\sistema-cooperativa-export\\proyecto-cooperativa\\node_modules\\lru-cache': 'C:\\Users\\Usuario\\Downloads\\sistema-cooperativa-export\\proyecto-cooperativa\\node_modules\\.lru-cache-z1q5vn6y',
393 silly reify   'C:\\Users\\Usuario\\Downloads\\sistema-cooperativa-export\\proyecto-cooperativa\\node_modules\\long': 'C:\\Users\\Usuario\\Downloads\\sistema-cooperativa-export\\proyecto-cooperativa\\node_modules\\.long-uCafTYTp',
393 silly reify   'C:\\Users\\Usuario\\Downloads\\sistema-cooperativa-export\\proyecto-cooperativa\\node_modules\\magic-string': 'C:\\Users\\Usuario\\Downloads\\sistema-cooperativa-export\\proyecto-cooperativa\\node_modules\\.magic-string-4Kyzk4Bb',
393 silly reify   'C:\\Users\\Usuario\\Downloads\\sistema-cooperativa-export\\proyecto-cooperativa\\node_modules\\math-intrinsics': 'C:\\Users\\Usuario\\Downloads\\sistema-cooperativa-export\\proyecto-cooperativa\\node_modules\\.math-intrinsics-TxjIChOg',
393 silly reify   'C:\\Users\\Usuario\\Downloads\\sistema-cooperativa-export\\proyecto-cooperativa\\node_modules\\merge2': 'C:\\Users\\Usuario\\Downloads\\sistema-cooperativa-export\\proyecto-cooperativa\\node_modules\\.merge2-1QevdZCb',
393 silly reify   'C:\\Users\\Usuario\\Downloads\\sistema-cooperativa-export\\proyecto-cooperativa\\node_modules\\micromatch': 'C:\\Users\\Usuario\\Downloads\\sistema-cooperativa-export\\proyecto-cooperativa\\node_modules\\.micromatch-4C9QHiJq',
393 silly reify   'C:\\Users\\Usuario\\Downloads\\sistema-cooperativa-export\\proyecto-cooperativa\\node_modules\\minimist': 'C:\\Users\\Usuario\\Downloads\\sistema-cooperativa-export\\proyecto-cooperativa\\node_modules\\.minimist-8ZV6YNc9',
393 silly reify   'C:\\Users\\Usuario\\Downloads\\sistema-cooperativa-export\\proyecto-cooperativa\\node_modules\\minimatch': 'C:\\Users\\Usuario\\Downloads\\sistema-cooperativa-export\\proyecto-cooperativa\\node_modules\\.minimatch-tPTND3sO',
393 silly reify   'C:\\Users\\Usuario\\Downloads\\sistema-cooperativa-export\\proyecto-cooperativa\\node_modules\\ms': 'C:\\Users\\Usuario\\Downloads\\sistema-cooperativa-export\\proyecto-cooperativa\\node_modules\\.ms-rgKiB2RM',
393 silly reify   'C:\\Users\\Usuario\\Downloads\\sistema-cooperativa-export\\proyecto-cooperativa\\node_modules\\nanoid': 'C:\\Users\\Usuario\\Downloads\\sistema-cooperativa-export\\proyecto-cooperativa\\node_modules\\.nanoid-0j6f5XPW',
393 silly reify   'C:\\Users\\Usuario\\Downloads\\sistema-cooperativa-export\\proyecto-cooperativa\\node_modules\\napi-postinstall': 'C:\\Users\\Usuario\\Downloads\\sistema-cooperativa-export\\proyecto-cooperativa\\node_modules\\.napi-postinstall-Tu0uyxnH',
393 silly reify   'C:\\Users\\Usuario\\Downloads\\sistema-cooperativa-export\\proyecto-cooperativa\\node_modules\\natural-compare': 'C:\\Users\\Usuario\\Downloads\\sistema-cooperativa-export\\proyecto-cooperativa\\node_modules\\.natural-compare-5bfWwG2a',
393 silly reify   'C:\\Users\\Usuario\\Downloads\\sistema-cooperativa-export\\proyecto-cooperativa\\node_modules\\next': 'C:\\Users\\Usuario\\Downloads\\sistema-cooperativa-export\\proyecto-cooperativa\\node_modules\\.next-4r2Iqydk',
393 silly reify   'C:\\Users\\Usuario\\Downloads\\sistema-cooperativa-export\\proyecto-cooperativa\\node_modules\\node-fetch': 'C:\\Users\\Usuario\\Downloads\\sistema-cooperativa-export\\proyecto-cooperativa\\node_modules\\.node-fetch-aaax9lA7',
393 silly reify   'C:\\Users\\Usuario\\Downloads\\sistema-cooperativa-export\\proyecto-cooperativa\\node_modules\\node-exports-info': 'C:\\Users\\Usuario\\Downloads\\sistema-cooperativa-export\\proyecto-cooperativa\\node_modules\\.node-exports-info-5fOvH9NU',
393 silly reify   'C:\\Users\\Usuario\\Downloads\\sistema-cooperativa-export\\proyecto-cooperativa\\node_modules\\object-assign': 'C:\\Users\\Usuario\\Downloads\\sistema-cooperativa-export\\proyecto-cooperativa\\node_modules\\.object-assign-IAQ2BAYt',
393 silly reify   'C:\\Users\\Usuario\\Downloads\\sistema-cooperativa-export\\proyecto-cooperativa\\node_modules\\node-domexception': 'C:\\Users\\Usuario\\Downloads\\sistema-cooperativa-export\\proyecto-cooperativa\\node_modules\\.node-domexception-49qbccmc',
393 silly reify   'C:\\Users\\Usuario\\Downloads\\sistema-cooperativa-export\\proyecto-cooperativa\\node_modules\\node-releases': 'C:\\Users\\Usuario\\Downloads\\sistema-cooperativa-export\\proyecto-cooperativa\\node_modules\\.node-releases-poirIWjA',
393 silly reify   'C:\\Users\\Usuario\\Downloads\\sistema-cooperativa-export\\proyecto-cooperativa\\node_modules\\object-inspect': 'C:\\Users\\Usuario\\Downloads\\sistema-cooperativa-export\\proyecto-cooperativa\\node_modules\\.object-inspect-9nlLeVN5',
393 silly reify   'C:\\Users\\Usuario\\Downloads\\sistema-cooperativa-export\\proyecto-cooperativa\\node_modules\\object.entries': 'C:\\Users\\Usuario\\Downloads\\sistema-cooperativa-export\\proyecto-cooperativa\\node_modules\\.object.entries-R9N3uHXN',
393 silly reify   'C:\\Users\\Usuario\\Downloads\\sistema-cooperativa-export\\proyecto-cooperativa\\node_modules\\object.assign': 'C:\\Users\\Usuario\\Downloads\\sistema-cooperativa-export\\proyecto-cooperativa\\node_modules\\.object.assign-JV64sEJl',
393 silly reify   'C:\\Users\\Usuario\\Downloads\\sistema-cooperativa-export\\proyecto-cooperativa\\node_modules\\object-keys': 'C:\\Users\\Usuario\\Downloads\\sistema-cooperativa-export\\proyecto-cooperativa\\node_modules\\.object-keys-AUtWvvAJ',
393 silly reify   'C:\\Users\\Usuario\\Downloads\\sistema-cooperativa-export\\proyecto-cooperativa\\node_modules\\object.fromentries': 'C:\\Users\\Usuario\\Downloads\\sistema-cooperativa-export\\proyecto-cooperativa\\node_modules\\.object.fromentries-uQUwMEOh',
393 silly reify   'C:\\Users\\Usuario\\Downloads\\sistema-cooperativa-export\\proyecto-cooperativa\\node_modules\\object.groupby': 'C:\\Users\\Usuario\\Downloads\\sistema-cooperativa-export\\proyecto-cooperativa\\node_modules\\.object.groupby-8PlbLzQX',
393 silly reify   'C:\\Users\\Usuario\\Downloads\\sistema-cooperativa-export\\proyecto-cooperativa\\node_modules\\object.values': 'C:\\Users\\Usuario\\Downloads\\sistema-cooperativa-export\\proyecto-cooperativa\\node_modules\\.object.values-BKS7c1Wd',
393 silly reify   'C:\\Users\\Usuario\\Downloads\\sistema-cooperativa-export\\proyecto-cooperativa\\node_modules\\optionator': 'C:\\Users\\Usuario\\Downloads\\sistema-cooperativa-export\\proyecto-cooperativa\\node_modules\\.optionator-NEKPblk6',
393 silly reify   'C:\\Users\\Usuario\\Downloads\\sistema-cooperativa-export\\proyecto-cooperativa\\node_modules\\p-limit': 'C:\\Users\\Usuario\\Downloads\\sistema-cooperativa-export\\proyecto-cooperativa\\node_modules\\.p-limit-MfRfoIhL',
393 silly reify   'C:\\Users\\Usuario\\Downloads\\sistema-cooperativa-export\\proyecto-cooperativa\\node_modules\\p-locate': 'C:\\Users\\Usuario\\Downloads\\sistema-cooperativa-export\\proyecto-cooperativa\\node_modules\\.p-locate-8dQtWDOE',
393 silly reify   'C:\\Users\\Usuario\\Downloads\\sistema-cooperativa-export\\proyecto-cooperativa\\node_modules\\p-retry': 'C:\\Users\\Usuario\\Downloads\\sistema-cooperativa-export\\proyecto-cooperativa\\node_modules\\.p-retry-uUfQNQBm',
393 silly reify   'C:\\Users\\Usuario\\Downloads\\sistema-cooperativa-export\\proyecto-cooperativa\\node_modules\\parent-module': 'C:\\Users\\Usuario\\Downloads\\sistema-cooperativa-export\\proyecto-cooperativa\\node_modules\\.parent-module-mEjvJ1Ev',
393 silly reify   'C:\\Users\\Usuario\\Downloads\\sistema-cooperativa-export\\proyecto-cooperativa\\node_modules\\path-exists': 'C:\\Users\\Usuario\\Downloads\\sistema-cooperativa-export\\proyecto-cooperativa\\node_modules\\.path-exists-rgCboc33',
393 silly reify   'C:\\Users\\Usuario\\Downloads\\sistema-cooperativa-export\\proyecto-cooperativa\\node_modules\\path-key': 'C:\\Users\\Usuario\\Downloads\\sistema-cooperativa-export\\proyecto-cooperativa\\node_modules\\.path-key-WWMvO9MZ',
393 silly reify   'C:\\Users\\Usuario\\Downloads\\sistema-cooperativa-export\\proyecto-cooperativa\\node_modules\\path-parse': 'C:\\Users\\Usuario\\Downloads\\sistema-cooperativa-export\\proyecto-cooperativa\\node_modules\\.path-parse-PP83ODIU',
393 silly reify   'C:\\Users\\Usuario\\Downloads\\sistema-cooperativa-export\\proyecto-cooperativa\\node_modules\\picocolors': 'C:\\Users\\Usuario\\Downloads\\sistema-cooperativa-export\\proyecto-cooperativa\\node_modules\\.picocolors-lx9LCJcn',
393 silly reify   'C:\\Users\\Usuario\\Downloads\\sistema-cooperativa-export\\proyecto-cooperativa\\node_modules\\picomatch': 'C:\\Users\\Usuario\\Downloads\\sistema-cooperativa-export\\proyecto-cooperativa\\node_modules\\.picomatch-8HqHRZl2',
393 silly reify   'C:\\Users\\Usuario\\Downloads\\sistema-cooperativa-export\\proyecto-cooperativa\\node_modules\\prelude-ls': 'C:\\Users\\Usuario\\Downloads\\sistema-cooperativa-export\\proyecto-cooperativa\\node_modules\\.prelude-ls-NyjbVx8q',
393 silly reify   'C:\\Users\\Usuario\\Downloads\\sistema-cooperativa-export\\proyecto-cooperativa\\node_modules\\postcss': 'C:\\Users\\Usuario\\Downloads\\sistema-cooperativa-export\\proyecto-cooperativa\\node_modules\\.postcss-Cem9CEuv',
393 silly reify   'C:\\Users\\Usuario\\Downloads\\sistema-cooperativa-export\\proyecto-cooperativa\\node_modules\\prop-types': 'C:\\Users\\Usuario\\Downloads\\sistema-cooperativa-export\\proyecto-cooperativa\\node_modules\\.prop-types-m7o2EjZd',
393 silly reify   'C:\\Users\\Usuario\\Downloads\\sistema-cooperativa-export\\proyecto-cooperativa\\node_modules\\possible-typed-array-names': 'C:\\Users\\Usuario\\Downloads\\sistema-cooperativa-export\\proyecto-cooperativa\\node_modules\\.possible-typed-array-names-ppQU2lBl',
393 silly reify   'C:\\Users\\Usuario\\Downloads\\sistema-cooperativa-export\\proyecto-cooperativa\\node_modules\\punycode': 'C:\\Users\\Usuario\\Downloads\\sistema-cooperativa-export\\proyecto-cooperativa\\node_modules\\.punycode-Rg85HVmC',
393 silly reify   'C:\\Users\\Usuario\\Downloads\\sistema-cooperativa-export\\proyecto-cooperativa\\node_modules\\protobufjs': 'C:\\Users\\Usuario\\Downloads\\sistema-cooperativa-export\\proyecto-cooperativa\\node_modules\\.protobufjs-0YSITsSW',
393 silly reify   'C:\\Users\\Usuario\\Downloads\\sistema-cooperativa-export\\proyecto-cooperativa\\node_modules\\queue-microtask': 'C:\\Users\\Usuario\\Downloads\\sistema-cooperativa-export\\proyecto-cooperativa\\node_modules\\.queue-microtask-WtGnuheu',
393 silly reify   'C:\\Users\\Usuario\\Downloads\\sistema-cooperativa-export\\proyecto-cooperativa\\node_modules\\react': 'C:\\Users\\Usuario\\Downloads\\sistema-cooperativa-export\\proyecto-cooperativa\\node_modules\\.react-KpyJ390A',
393 silly reify   'C:\\Users\\Usuario\\Downloads\\sistema-cooperativa-export\\proyecto-cooperativa\\node_modules\\react-is': 'C:\\Users\\Usuario\\Downloads\\sistema-cooperativa-export\\proyecto-cooperativa\\node_modules\\.react-is-VigrSvv2',
393 silly reify   'C:\\Users\\Usuario\\Downloads\\sistema-cooperativa-export\\proyecto-cooperativa\\node_modules\\react-dom': 'C:\\Users\\Usuario\\Downloads\\sistema-cooperativa-export\\proyecto-cooperativa\\node_modules\\.react-dom-KhhenJ71',
393 silly reify   'C:\\Users\\Usuario\\Downloads\\sistema-cooperativa-export\\proyecto-cooperativa\\node_modules\\reflect.getprototypeof': 'C:\\Users\\Usuario\\Downloads\\sistema-cooperativa-export\\proyecto-cooperativa\\node_modules\\.reflect.getprototypeof-y6fNZjzc',
393 silly reify   'C:\\Users\\Usuario\\Downloads\\sistema-cooperativa-export\\proyecto-cooperativa\\node_modules\\regexp.prototype.flags': 'C:\\Users\\Usuario\\Downloads\\sistema-cooperativa-export\\proyecto-cooperativa\\node_modules\\.regexp.prototype.flags-6PHgFLwB',
393 silly reify   'C:\\Users\\Usuario\\Downloads\\sistema-cooperativa-export\\proyecto-cooperativa\\node_modules\\resolve': 'C:\\Users\\Usuario\\Downloads\\sistema-cooperativa-export\\proyecto-cooperativa\\node_modules\\.resolve-gqpkVsy1',
393 silly reify   'C:\\Users\\Usuario\\Downloads\\sistema-cooperativa-export\\proyecto-cooperativa\\node_modules\\resolve-from': 'C:\\Users\\Usuario\\Downloads\\sistema-cooperativa-export\\proyecto-cooperativa\\node_modules\\.resolve-from-QsA2hqE1',
393 silly reify   'C:\\Users\\Usuario\\Downloads\\sistema-cooperativa-export\\proyecto-cooperativa\\node_modules\\own-keys': 'C:\\Users\\Usuario\\Downloads\\sistema-cooperativa-export\\proyecto-cooperativa\\node_modules\\.own-keys-n4ZLND2H',
393 silly reify   'C:\\Users\\Usuario\\Downloads\\sistema-cooperativa-export\\proyecto-cooperativa\\node_modules\\reusify': 'C:\\Users\\Usuario\\Downloads\\sistema-cooperativa-export\\proyecto-cooperativa\\node_modules\\.reusify-cpQuDVED',
393 silly reify   'C:\\Users\\Usuario\\Downloads\\sistema-cooperativa-export\\proyecto-cooperativa\\node_modules\\retry': 'C:\\Users\\Usuario\\Downloads\\sistema-cooperativa-export\\proyecto-cooperativa\\node_modules\\.retry-mDTrao1c',
393 silly reify   'C:\\Users\\Usuario\\Downloads\\sistema-cooperativa-export\\proyecto-cooperativa\\node_modules\\run-parallel': 'C:\\Users\\Usuario\\Downloads\\sistema-cooperativa-export\\proyecto-cooperativa\\node_modules\\.run-parallel-JnLfW0Ba',
393 silly reify   'C:\\Users\\Usuario\\Downloads\\sistema-cooperativa-export\\proyecto-cooperativa\\node_modules\\safe-array-concat': 'C:\\Users\\Usuario\\Downloads\\sistema-cooperativa-export\\proyecto-cooperativa\\node_modules\\.safe-array-concat-Oofbm97n',
393 silly reify   'C:\\Users\\Usuario\\Downloads\\sistema-cooperativa-export\\proyecto-cooperativa\\node_modules\\safe-buffer': 'C:\\Users\\Usuario\\Downloads\\sistema-cooperativa-export\\proyecto-cooperativa\\node_modules\\.safe-buffer-VgMZPQu8',
393 silly reify   'C:\\Users\\Usuario\\Downloads\\sistema-cooperativa-export\\proyecto-cooperativa\\node_modules\\safe-regex-test': 'C:\\Users\\Usuario\\Downloads\\sistema-cooperativa-export\\proyecto-cooperativa\\node_modules\\.safe-regex-test-IvtmufqL',
393 silly reify   'C:\\Users\\Usuario\\Downloads\\sistema-cooperativa-export\\proyecto-cooperativa\\node_modules\\scheduler': 'C:\\Users\\Usuario\\Downloads\\sistema-cooperativa-export\\proyecto-cooperativa\\node_modules\\.scheduler-6uTPusFA',
393 silly reify   'C:\\Users\\Usuario\\Downloads\\sistema-cooperativa-export\\proyecto-cooperativa\\node_modules\\semver': 'C:\\Users\\Usuario\\Downloads\\sistema-cooperativa-export\\proyecto-cooperativa\\node_modules\\.semver-tC71Q9ja',
393 silly reify   'C:\\Users\\Usuario\\Downloads\\sistema-cooperativa-export\\proyecto-cooperativa\\node_modules\\set-function-length': 'C:\\Users\\Usuario\\Downloads\\sistema-cooperativa-export\\proyecto-cooperativa\\node_modules\\.set-function-length-npC9C6jr',
393 silly reify   'C:\\Users\\Usuario\\Downloads\\sistema-cooperativa-export\\proyecto-cooperativa\\node_modules\\set-function-name': 'C:\\Users\\Usuario\\Downloads\\sistema-cooperativa-export\\proyecto-cooperativa\\node_modules\\.set-function-name-FqB6WF8l',
393 silly reify   'C:\\Users\\Usuario\\Downloads\\sistema-cooperativa-export\\proyecto-cooperativa\\node_modules\\set-proto': 'C:\\Users\\Usuario\\Downloads\\sistema-cooperativa-export\\proyecto-cooperativa\\node_modules\\.set-proto-eDA7OYoG',
393 silly reify   'C:\\Users\\Usuario\\Downloads\\sistema-cooperativa-export\\proyecto-cooperativa\\node_modules\\sharp': 'C:\\Users\\Usuario\\Downloads\\sistema-cooperativa-export\\proyecto-cooperativa\\node_modules\\.sharp-YbJQz3b6',
393 silly reify   'C:\\Users\\Usuario\\Downloads\\sistema-cooperativa-export\\proyecto-cooperativa\\node_modules\\resolve-pkg-maps': 'C:\\Users\\Usuario\\Downloads\\sistema-cooperativa-export\\proyecto-cooperativa\\node_modules\\.resolve-pkg-maps-2ae84qWn',
393 silly reify   'C:\\Users\\Usuario\\Downloads\\sistema-cooperativa-export\\proyecto-cooperativa\\node_modules\\shebang-regex': 'C:\\Users\\Usuario\\Downloads\\sistema-cooperativa-export\\proyecto-cooperativa\\node_modules\\.shebang-regex-2s56cOYN',
393 silly reify   'C:\\Users\\Usuario\\Downloads\\sistema-cooperativa-export\\proyecto-cooperativa\\node_modules\\shebang-command': 'C:\\Users\\Usuario\\Downloads\\sistema-cooperativa-export\\proyecto-cooperativa\\node_modules\\.shebang-command-PofbpNsX',
393 silly reify   'C:\\Users\\Usuario\\Downloads\\sistema-cooperativa-export\\proyecto-cooperativa\\node_modules\\side-channel-list': 'C:\\Users\\Usuario\\Downloads\\sistema-cooperativa-export\\proyecto-cooperativa\\node_modules\\.side-channel-list-vr3RGodG',
393 silly reify   'C:\\Users\\Usuario\\Downloads\\sistema-cooperativa-export\\proyecto-cooperativa\\node_modules\\side-channel-map': 'C:\\Users\\Usuario\\Downloads\\sistema-cooperativa-export\\proyecto-cooperativa\\node_modules\\.side-channel-map-lvxkp5sZ',
393 silly reify   'C:\\Users\\Usuario\\Downloads\\sistema-cooperativa-export\\proyecto-cooperativa\\node_modules\\source-map-js': 'C:\\Users\\Usuario\\Downloads\\sistema-cooperativa-export\\proyecto-cooperativa\\node_modules\\.source-map-js-th6PmhbL',
393 silly reify   'C:\\Users\\Usuario\\Downloads\\sistema-cooperativa-export\\proyecto-cooperativa\\node_modules\\stable-hash': 'C:\\Users\\Usuario\\Downloads\\sistema-cooperativa-export\\proyecto-cooperativa\\node_modules\\.stable-hash-1jeABA2g',
393 silly reify   'C:\\Users\\Usuario\\Downloads\\sistema-cooperativa-export\\proyecto-cooperativa\\node_modules\\safe-push-apply': 'C:\\Users\\Usuario\\Downloads\\sistema-cooperativa-export\\proyecto-cooperativa\\node_modules\\.safe-push-apply-XeFVP1Hp',
393 silly reify   'C:\\Users\\Usuario\\Downloads\\sistema-cooperativa-export\\proyecto-cooperativa\\node_modules\\side-channel-weakmap': 'C:\\Users\\Usuario\\Downloads\\sistema-cooperativa-export\\proyecto-cooperativa\\node_modules\\.side-channel-weakmap-IdOcWhGy',
393 silly reify   'C:\\Users\\Usuario\\Downloads\\sistema-cooperativa-export\\proyecto-cooperativa\\node_modules\\stop-iteration-iterator': 'C:\\Users\\Usuario\\Downloads\\sistema-cooperativa-export\\proyecto-cooperativa\\node_modules\\.stop-iteration-iterator-N7fmscuj',
393 silly reify   'C:\\Users\\Usuario\\Downloads\\sistema-cooperativa-export\\proyecto-cooperativa\\node_modules\\string.prototype.includes': 'C:\\Users\\Usuario\\Downloads\\sistema-cooperativa-export\\proyecto-cooperativa\\node_modules\\.string.prototype.includes-NCieO30c',
393 silly reify   'C:\\Users\\Usuario\\Downloads\\sistema-cooperativa-export\\proyecto-cooperativa\\node_modules\\string.prototype.matchall': 'C:\\Users\\Usuario\\Downloads\\sistema-cooperativa-export\\proyecto-cooperativa\\node_modules\\.string.prototype.matchall-JQvYHd5R',
393 silly reify   'C:\\Users\\Usuario\\Downloads\\sistema-cooperativa-export\\proyecto-cooperativa\\node_modules\\string.prototype.trim': 'C:\\Users\\Usuario\\Downloads\\sistema-cooperativa-export\\proyecto-cooperativa\\node_modules\\.string.prototype.trim-gGCcxIts',
393 silly reify   'C:\\Users\\Usuario\\Downloads\\sistema-cooperativa-export\\proyecto-cooperativa\\node_modules\\side-channel': 'C:\\Users\\Usuario\\Downloads\\sistema-cooperativa-export\\proyecto-cooperativa\\node_modules\\.side-channel-LpevFQl6',
393 silly reify   'C:\\Users\\Usuario\\Downloads\\sistema-cooperativa-export\\proyecto-cooperativa\\node_modules\\string.prototype.trimend': 'C:\\Users\\Usuario\\Downloads\\sistema-cooperativa-export\\proyecto-cooperativa\\node_modules\\.string.prototype.trimend-6fhmCSm9',
393 silly reify   'C:\\Users\\Usuario\\Downloads\\sistema-cooperativa-export\\proyecto-cooperativa\\node_modules\\strip-json-comments': 'C:\\Users\\Usuario\\Downloads\\sistema-cooperativa-export\\proyecto-cooperativa\\node_modules\\.strip-json-comments-28lrRN4g',
393 silly reify   'C:\\Users\\Usuario\\Downloads\\sistema-cooperativa-export\\proyecto-cooperativa\\node_modules\\strip-bom': 'C:\\Users\\Usuario\\Downloads\\sistema-cooperativa-export\\proyecto-cooperativa\\node_modules\\.strip-bom-qJ49KbJC',
393 silly reify   'C:\\Users\\Usuario\\Downloads\\sistema-cooperativa-export\\proyecto-cooperativa\\node_modules\\string.prototype.repeat': 'C:\\Users\\Usuario\\Downloads\\sistema-cooperativa-export\\proyecto-cooperativa\\node_modules\\.string.prototype.repeat-SuUzFlav',
393 silly reify   'C:\\Users\\Usuario\\Downloads\\sistema-cooperativa-export\\proyecto-cooperativa\\node_modules\\string.prototype.trimstart': 'C:\\Users\\Usuario\\Downloads\\sistema-cooperativa-export\\proyecto-cooperativa\\node_modules\\.string.prototype.trimstart-WmDbG7iY',
393 silly reify   'C:\\Users\\Usuario\\Downloads\\sistema-cooperativa-export\\proyecto-cooperativa\\node_modules\\supports-preserve-symlinks-flag': 'C:\\Users\\Usuario\\Downloads\\sistema-cooperativa-export\\proyecto-cooperativa\\node_modules\\.supports-preserve-symlinks-flag-Xg38KaEc',
393 silly reify   'C:\\Users\\Usuario\\Downloads\\sistema-cooperativa-export\\proyecto-cooperativa\\node_modules\\styled-jsx': 'C:\\Users\\Usuario\\Downloads\\sistema-cooperativa-export\\proyecto-cooperativa\\node_modules\\.styled-jsx-ChzMe8gc',
393 silly reify   'C:\\Users\\Usuario\\Downloads\\sistema-cooperativa-export\\proyecto-cooperativa\\node_modules\\tailwindcss': 'C:\\Users\\Usuario\\Downloads\\sistema-cooperativa-export\\proyecto-cooperativa\\node_modules\\.tailwindcss-Y23kTagt',
393 silly reify   'C:\\Users\\Usuario\\Downloads\\sistema-cooperativa-export\\proyecto-cooperativa\\node_modules\\tapable': 'C:\\Users\\Usuario\\Downloads\\sistema-cooperativa-export\\proyecto-cooperativa\\node_modules\\.tapable-SwA3zjsy',
393 silly reify   'C:\\Users\\Usuario\\Downloads\\sistema-cooperativa-export\\proyecto-cooperativa\\node_modules\\tinyglobby': 'C:\\Users\\Usuario\\Downloads\\sistema-cooperativa-export\\proyecto-cooperativa\\node_modules\\.tinyglobby-EhkGbGMD',
393 silly reify   'C:\\Users\\Usuario\\Downloads\\sistema-cooperativa-export\\proyecto-cooperativa\\node_modules\\supports-color': 'C:\\Users\\Usuario\\Downloads\\sistema-cooperativa-export\\proyecto-cooperativa\\node_modules\\.supports-color-2yWONEJr',
393 silly reify   'C:\\Users\\Usuario\\Downloads\\sistema-cooperativa-export\\proyecto-cooperativa\\node_modules\\ts-api-utils': 'C:\\Users\\Usuario\\Downloads\\sistema-cooperativa-export\\proyecto-cooperativa\\node_modules\\.ts-api-utils-hOExxbTs',
393 silly reify   'C:\\Users\\Usuario\\Downloads\\sistema-cooperativa-export\\proyecto-cooperativa\\node_modules\\tsconfig-paths': 'C:\\Users\\Usuario\\Downloads\\sistema-cooperativa-export\\proyecto-cooperativa\\node_modules\\.tsconfig-paths-AKPxQ8tk',
393 silly reify   'C:\\Users\\Usuario\\Downloads\\sistema-cooperativa-export\\proyecto-cooperativa\\node_modules\\tslib': 'C:\\Users\\Usuario\\Downloads\\sistema-cooperativa-export\\proyecto-cooperativa\\node_modules\\.tslib-XpjirMPh',
393 silly reify   'C:\\Users\\Usuario\\Downloads\\sistema-cooperativa-export\\proyecto-cooperativa\\node_modules\\type-check': 'C:\\Users\\Usuario\\Downloads\\sistema-cooperativa-export\\proyecto-cooperativa\\node_modules\\.type-check-fewYimPA',
393 silly reify   'C:\\Users\\Usuario\\Downloads\\sistema-cooperativa-export\\proyecto-cooperativa\\node_modules\\typed-array-buffer': 'C:\\Users\\Usuario\\Downloads\\sistema-cooperativa-export\\proyecto-cooperativa\\node_modules\\.typed-array-buffer-ylYv3bJg',
393 silly reify   'C:\\Users\\Usuario\\Downloads\\sistema-cooperativa-export\\proyecto-cooperativa\\node_modules\\typed-array-byte-length': 'C:\\Users\\Usuario\\Downloads\\sistema-cooperativa-export\\proyecto-cooperativa\\node_modules\\.typed-array-byte-length-EgAxybaE',
393 silly reify   'C:\\Users\\Usuario\\Downloads\\sistema-cooperativa-export\\proyecto-cooperativa\\node_modules\\typed-array-byte-offset': 'C:\\Users\\Usuario\\Downloads\\sistema-cooperativa-export\\proyecto-cooperativa\\node_modules\\.typed-array-byte-offset-byczGKcu',
393 silly reify   'C:\\Users\\Usuario\\Downloads\\sistema-cooperativa-export\\proyecto-cooperativa\\node_modules\\typed-array-length': 'C:\\Users\\Usuario\\Downloads\\sistema-cooperativa-export\\proyecto-cooperativa\\node_modules\\.typed-array-length-TDOtBb6L',
393 silly reify   'C:\\Users\\Usuario\\Downloads\\sistema-cooperativa-export\\proyecto-cooperativa\\node_modules\\typescript-eslint': 'C:\\Users\\Usuario\\Downloads\\sistema-cooperativa-export\\proyecto-cooperativa\\node_modules\\.typescript-eslint-yDoxqo6q',
393 silly reify   'C:\\Users\\Usuario\\Downloads\\sistema-cooperativa-export\\proyecto-cooperativa\\node_modules\\typescript': 'C:\\Users\\Usuario\\Downloads\\sistema-cooperativa-export\\proyecto-cooperativa\\node_modules\\.typescript-Q1WJVD3i',
393 silly reify   'C:\\Users\\Usuario\\Downloads\\sistema-cooperativa-export\\proyecto-cooperativa\\node_modules\\unbox-primitive': 'C:\\Users\\Usuario\\Downloads\\sistema-cooperativa-export\\proyecto-cooperativa\\node_modules\\.unbox-primitive-DvY1lzGt',
393 silly reify   'C:\\Users\\Usuario\\Downloads\\sistema-cooperativa-export\\proyecto-cooperativa\\node_modules\\undici-types': 'C:\\Users\\Usuario\\Downloads\\sistema-cooperativa-export\\proyecto-cooperativa\\node_modules\\.undici-types-L07dptQ4',
393 silly reify   'C:\\Users\\Usuario\\Downloads\\sistema-cooperativa-export\\proyecto-cooperativa\\node_modules\\unrs-resolver': 'C:\\Users\\Usuario\\Downloads\\sistema-cooperativa-export\\proyecto-cooperativa\\node_modules\\.unrs-resolver-GT7cZBQ2',
393 silly reify   'C:\\Users\\Usuario\\Downloads\\sistema-cooperativa-export\\proyecto-cooperativa\\node_modules\\update-browserslist-db': 'C:\\Users\\Usuario\\Downloads\\sistema-cooperativa-export\\proyecto-cooperativa\\node_modules\\.update-browserslist-db-XBNhP3Mg',
393 silly reify   'C:\\Users\\Usuario\\Downloads\\sistema-cooperativa-export\\proyecto-cooperativa\\node_modules\\uri-js': 'C:\\Users\\Usuario\\Downloads\\sistema-cooperativa-export\\proyecto-cooperativa\\node_modules\\.uri-js-6b65IOqZ',
393 silly reify   'C:\\Users\\Usuario\\Downloads\\sistema-cooperativa-export\\proyecto-cooperativa\\node_modules\\web-streams-polyfill': 'C:\\Users\\Usuario\\Downloads\\sistema-cooperativa-export\\proyecto-cooperativa\\node_modules\\.web-streams-polyfill-1E5qMiAt',
393 silly reify   'C:\\Users\\Usuario\\Downloads\\sistema-cooperativa-export\\proyecto-cooperativa\\node_modules\\which': 'C:\\Users\\Usuario\\Downloads\\sistema-cooperativa-export\\proyecto-cooperativa\\node_modules\\.which-5j1qODBi',
393 silly reify   'C:\\Users\\Usuario\\Downloads\\sistema-cooperativa-export\\proyecto-cooperativa\\node_modules\\which-boxed-primitive': 'C:\\Users\\Usuario\\Downloads\\sistema-cooperativa-export\\proyecto-cooperativa\\node_modules\\.which-boxed-primitive-w9ER7TjN',
393 silly reify   'C:\\Users\\Usuario\\Downloads\\sistema-cooperativa-export\\proyecto-cooperativa\\node_modules\\which-builtin-type': 'C:\\Users\\Usuario\\Downloads\\sistema-cooperativa-export\\proyecto-cooperativa\\node_modules\\.which-builtin-type-uj8Zig6g',
393 silly reify   'C:\\Users\\Usuario\\Downloads\\sistema-cooperativa-export\\proyecto-cooperativa\\node_modules\\which-typed-array': 'C:\\Users\\Usuario\\Downloads\\sistema-cooperativa-export\\proyecto-cooperativa\\node_modules\\.which-typed-array-008V0brM',
393 silly reify   'C:\\Users\\Usuario\\Downloads\\sistema-cooperativa-export\\proyecto-cooperativa\\node_modules\\ws': 'C:\\Users\\Usuario\\Downloads\\sistema-cooperativa-export\\proyecto-cooperativa\\node_modules\\.ws-ECt2EOEu',
393 silly reify   'C:\\Users\\Usuario\\Downloads\\sistema-cooperativa-export\\proyecto-cooperativa\\node_modules\\word-wrap': 'C:\\Users\\Usuario\\Downloads\\sistema-cooperativa-export\\proyecto-cooperativa\\node_modules\\.word-wrap-e3oPep5P',
393 silly reify   'C:\\Users\\Usuario\\Downloads\\sistema-cooperativa-export\\proyecto-cooperativa\\node_modules\\yallist': 'C:\\Users\\Usuario\\Downloads\\sistema-cooperativa-export\\proyecto-cooperativa\\node_modules\\.yallist-IbzNX61I',
393 silly reify   'C:\\Users\\Usuario\\Downloads\\sistema-cooperativa-export\\proyecto-cooperativa\\node_modules\\zod': 'C:\\Users\\Usuario\\Downloads\\sistema-cooperativa-export\\proyecto-cooperativa\\node_modules\\.zod-WEE0Gy9f',
393 silly reify   'C:\\Users\\Usuario\\Downloads\\sistema-cooperativa-export\\proyecto-cooperativa\\node_modules\\yocto-queue': 'C:\\Users\\Usuario\\Downloads\\sistema-cooperativa-export\\proyecto-cooperativa\\node_modules\\.yocto-queue-R0S6M3VP',
393 silly reify   'C:\\Users\\Usuario\\Downloads\\sistema-cooperativa-export\\proyecto-cooperativa\\node_modules\\which-collection': 'C:\\Users\\Usuario\\Downloads\\sistema-cooperativa-export\\proyecto-cooperativa\\node_modules\\.which-collection-IdbuwjEN',
393 silly reify   'C:\\Users\\Usuario\\Downloads\\sistema-cooperativa-export\\proyecto-cooperativa\\node_modules\\to-regex-range': 'C:\\Users\\Usuario\\Downloads\\sistema-cooperativa-export\\proyecto-cooperativa\\node_modules\\.to-regex-range-kuHsmT63',
393 silly reify   'C:\\Users\\Usuario\\Downloads\\sistema-cooperativa-export\\proyecto-cooperativa\\node_modules\\@babel\\code-frame': 'C:\\Users\\Usuario\\Downloads\\sistema-cooperativa-export\\proyecto-cooperativa\\node_modules\\@babel\\.code-frame-whzfvvhp',
393 silly reify   'C:\\Users\\Usuario\\Downloads\\sistema-cooperativa-export\\proyecto-cooperativa\\node_modules\\@babel\\compat-data': 'C:\\Users\\Usuario\\Downloads\\sistema-cooperativa-export\\proyecto-cooperativa\\node_modules\\@babel\\.compat-data-IyvIhhs4',
393 silly reify   'C:\\Users\\Usuario\\Downloads\\sistema-cooperativa-export\\proyecto-cooperativa\\node_modules\\@babel\\core': 'C:\\Users\\Usuario\\Downloads\\sistema-cooperativa-export\\proyecto-cooperativa\\node_modules\\@babel\\.core-jtLivukS',
393 silly reify   'C:\\Users\\Usuario\\Downloads\\sistema-cooperativa-export\\proyecto-cooperativa\\node_modules\\@babel\\generator': 'C:\\Users\\Usuario\\Downloads\\sistema-cooperativa-export\\proyecto-cooperativa\\node_modules\\@babel\\.generator-oJ3LBh09',
393 silly reify   'C:\\Users\\Usuario\\Downloads\\sistema-cooperativa-export\\proyecto-cooperativa\\node_modules\\@babel\\helper-compilation-targets': 'C:\\Users\\Usuario\\Downloads\\sistema-cooperativa-export\\proyecto-cooperativa\\node_modules\\@babel\\.helper-compilation-targets-hWRBfBh0',
393 silly reify   'C:\\Users\\Usuario\\Downloads\\sistema-cooperativa-export\\proyecto-cooperativa\\node_modules\\@babel\\helper-globals': 'C:\\Users\\Usuario\\Downloads\\sistema-cooperativa-export\\proyecto-cooperativa\\node_modules\\@babel\\.helper-globals-SvXbc4XX',
393 silly reify   'C:\\Users\\Usuario\\Downloads\\sistema-cooperativa-export\\proyecto-cooperativa\\node_modules\\@babel\\helper-module-imports': 'C:\\Users\\Usuario\\Downloads\\sistema-cooperativa-export\\proyecto-cooperativa\\node_modules\\@babel\\.helper-module-imports-ngisrbVV',
393 silly reify   'C:\\Users\\Usuario\\Downloads\\sistema-cooperativa-export\\proyecto-cooperativa\\node_modules\\@babel\\helper-module-transforms': 'C:\\Users\\Usuario\\Downloads\\sistema-cooperativa-export\\proyecto-cooperativa\\node_modules\\@babel\\.helper-module-transforms-3uThbyLZ',
393 silly reify   'C:\\Users\\Usuario\\Downloads\\sistema-cooperativa-export\\proyecto-cooperativa\\node_modules\\@babel\\helper-string-parser': 'C:\\Users\\Usuario\\Downloads\\sistema-cooperativa-export\\proyecto-cooperativa\\node_modules\\@babel\\.helper-string-parser-3VI4eCDY',
393 silly reify   'C:\\Users\\Usuario\\Downloads\\sistema-cooperativa-export\\proyecto-cooperativa\\node_modules\\@babel\\helper-validator-identifier': 'C:\\Users\\Usuario\\Downloads\\sistema-cooperativa-export\\proyecto-cooperativa\\node_modules\\@babel\\.helper-validator-identifier-cBrjKfMX',
393 silly reify   'C:\\Users\\Usuario\\Downloads\\sistema-cooperativa-export\\proyecto-cooperativa\\node_modules\\@babel\\helper-validator-option': 'C:\\Users\\Usuario\\Downloads\\sistema-cooperativa-export\\proyecto-cooperativa\\node_modules\\@babel\\.helper-validator-option-QTS32uur',
393 silly reify   'C:\\Users\\Usuario\\Downloads\\sistema-cooperativa-export\\proyecto-cooperativa\\node_modules\\@babel\\template': 'C:\\Users\\Usuario\\Downloads\\sistema-cooperativa-export\\proyecto-cooperativa\\node_modules\\@babel\\.template-cUhXdoLj',
393 silly reify   'C:\\Users\\Usuario\\Downloads\\sistema-cooperativa-export\\proyecto-cooperativa\\node_modules\\@babel\\helpers': 'C:\\Users\\Usuario\\Downloads\\sistema-cooperativa-export\\proyecto-cooperativa\\node_modules\\@babel\\.helpers-HYps6U2y',
393 silly reify   'C:\\Users\\Usuario\\Downloads\\sistema-cooperativa-export\\proyecto-cooperativa\\node_modules\\@babel\\parser': 'C:\\Users\\Usuario\\Downloads\\sistema-cooperativa-export\\proyecto-cooperativa\\node_modules\\@babel\\.parser-Cq2McMLH',
393 silly reify   'C:\\Users\\Usuario\\Downloads\\sistema-cooperativa-export\\proyecto-cooperativa\\node_modules\\zod-validation-error': 'C:\\Users\\Usuario\\Downloads\\sistema-cooperativa-export\\proyecto-cooperativa\\node_modules\\.zod-validation-error-NDJe2Zjr',
393 silly reify   'C:\\Users\\Usuario\\Downloads\\sistema-cooperativa-export\\proyecto-cooperativa\\node_modules\\@babel\\types': 'C:\\Users\\Usuario\\Downloads\\sistema-cooperativa-export\\proyecto-cooperativa\\node_modules\\@babel\\.types-qfQ2njGa',
393 silly reify   'C:\\Users\\Usuario\\Downloads\\sistema-cooperativa-export\\proyecto-cooperativa\\node_modules\\@alloc\\quick-lru': 'C:\\Users\\Usuario\\Downloads\\sistema-cooperativa-export\\proyecto-cooperativa\\node_modules\\@alloc\\.quick-lru-gMlJ6Fp0',
393 silly reify   'C:\\Users\\Usuario\\Downloads\\sistema-cooperativa-export\\proyecto-cooperativa\\node_modules\\@babel\\traverse': 'C:\\Users\\Usuario\\Downloads\\sistema-cooperativa-export\\proyecto-cooperativa\\node_modules\\@babel\\.traverse-YYIj6bOM',
393 silly reify   'C:\\Users\\Usuario\\Downloads\\sistema-cooperativa-export\\proyecto-cooperativa\\node_modules\\@eslint\\config-array': 'C:\\Users\\Usuario\\Downloads\\sistema-cooperativa-export\\proyecto-cooperativa\\node_modules\\@eslint\\.config-array-AvJnH5L3',
393 silly reify   'C:\\Users\\Usuario\\Downloads\\sistema-cooperativa-export\\proyecto-cooperativa\\node_modules\\@eslint\\config-helpers': 'C:\\Users\\Usuario\\Downloads\\sistema-cooperativa-export\\proyecto-cooperativa\\node_modules\\@eslint\\.config-helpers-y2WzBilV',
393 silly reify   'C:\\Users\\Usuario\\Downloads\\sistema-cooperativa-export\\proyecto-cooperativa\\node_modules\\@eslint\\object-schema': 'C:\\Users\\Usuario\\Downloads\\sistema-cooperativa-export\\proyecto-cooperativa\\node_modules\\@eslint\\.object-schema-67GRs7tE',
393 silly reify   'C:\\Users\\Usuario\\Downloads\\sistema-cooperativa-export\\proyecto-cooperativa\\node_modules\\@eslint\\js': 'C:\\Users\\Usuario\\Downloads\\sistema-cooperativa-export\\proyecto-cooperativa\\node_modules\\@eslint\\.js-RBkcBX8L',
393 silly reify   'C:\\Users\\Usuario\\Downloads\\sistema-cooperativa-export\\proyecto-cooperativa\\node_modules\\@eslint\\core': 'C:\\Users\\Usuario\\Downloads\\sistema-cooperativa-export\\proyecto-cooperativa\\node_modules\\@eslint\\.core-izhtgqgY',
393 silly reify   'C:\\Users\\Usuario\\Downloads\\sistema-cooperativa-export\\proyecto-cooperativa\\node_modules\\@eslint\\eslintrc': 'C:\\Users\\Usuario\\Downloads\\sistema-cooperativa-export\\proyecto-cooperativa\\node_modules\\@eslint\\.eslintrc-dI3cuzma',
393 silly reify   'C:\\Users\\Usuario\\Downloads\\sistema-cooperativa-export\\proyecto-cooperativa\\node_modules\\@eslint-community\\regexpp': 'C:\\Users\\Usuario\\Downloads\\sistema-cooperativa-export\\proyecto-cooperativa\\node_modules\\@eslint-community\\.regexpp-3aQwHCeJ',
393 silly reify   'C:\\Users\\Usuario\\Downloads\\sistema-cooperativa-export\\proyecto-cooperativa\\node_modules\\@eslint\\plugin-kit': 'C:\\Users\\Usuario\\Downloads\\sistema-cooperativa-export\\proyecto-cooperativa\\node_modules\\@eslint\\.plugin-kit-JXLiZLII',
393 silly reify   'C:\\Users\\Usuario\\Downloads\\sistema-cooperativa-export\\proyecto-cooperativa\\node_modules\\@humanfs\\core': 'C:\\Users\\Usuario\\Downloads\\sistema-cooperativa-export\\proyecto-cooperativa\\node_modules\\@humanfs\\.core-L7wcZdw1',
393 silly reify   'C:\\Users\\Usuario\\Downloads\\sistema-cooperativa-export\\proyecto-cooperativa\\node_modules\\@humanfs\\node': 'C:\\Users\\Usuario\\Downloads\\sistema-cooperativa-export\\proyecto-cooperativa\\node_modules\\@humanfs\\.node-a9fP3m0c',
393 silly reify   'C:\\Users\\Usuario\\Downloads\\sistema-cooperativa-export\\proyecto-cooperativa\\node_modules\\@humanfs\\types': 'C:\\Users\\Usuario\\Downloads\\sistema-cooperativa-export\\proyecto-cooperativa\\node_modules\\@humanfs\\.types-hgryK6LA',
393 silly reify   'C:\\Users\\Usuario\\Downloads\\sistema-cooperativa-export\\proyecto-cooperativa\\node_modules\\@humanwhocodes\\module-importer': 'C:\\Users\\Usuario\\Downloads\\sistema-cooperativa-export\\proyecto-cooperativa\\node_modules\\@humanwhocodes\\.module-importer-8UjHVzEa',
393 silly reify   'C:\\Users\\Usuario\\Downloads\\sistema-cooperativa-export\\proyecto-cooperativa\\node_modules\\@eslint-community\\eslint-utils': 'C:\\Users\\Usuario\\Downloads\\sistema-cooperativa-export\\proyecto-cooperativa\\node_modules\\@eslint-community\\.eslint-utils-qHB3D46K',
393 silly reify   'C:\\Users\\Usuario\\Downloads\\sistema-cooperativa-export\\proyecto-cooperativa\\node_modules\\@google\\genai': 'C:\\Users\\Usuario\\Downloads\\sistema-cooperativa-export\\proyecto-cooperativa\\node_modules\\@google\\.genai-LDyOACsq',
393 silly reify   'C:\\Users\\Usuario\\Downloads\\sistema-cooperativa-export\\proyecto-cooperativa\\node_modules\\@humanwhocodes\\retry': 'C:\\Users\\Usuario\\Downloads\\sistema-cooperativa-export\\proyecto-cooperativa\\node_modules\\@humanwhocodes\\.retry-lYSZq5FB',
393 silly reify   'C:\\Users\\Usuario\\Downloads\\sistema-cooperativa-export\\proyecto-cooperativa\\node_modules\\@img\\colour': 'C:\\Users\\Usuario\\Downloads\\sistema-cooperativa-export\\proyecto-cooperativa\\node_modules\\@img\\.colour-HpaspOro',
393 silly reify   'C:\\Users\\Usuario\\Downloads\\sistema-cooperativa-export\\proyecto-cooperativa\\node_modules\\@img\\sharp-win32-x64': 'C:\\Users\\Usuario\\Downloads\\sistema-cooperativa-export\\proyecto-cooperativa\\node_modules\\@img\\.sharp-win32-x64-TQUOMOic',
393 silly reify   'C:\\Users\\Usuario\\Downloads\\sistema-cooperativa-export\\proyecto-cooperativa\\node_modules\\@jridgewell\\remapping': 'C:\\Users\\Usuario\\Downloads\\sistema-cooperativa-export\\proyecto-cooperativa\\node_modules\\@jridgewell\\.remapping-SvhYIOAg',
393 silly reify   'C:\\Users\\Usuario\\Downloads\\sistema-cooperativa-export\\proyecto-cooperativa\\node_modules\\@jridgewell\\resolve-uri': 'C:\\Users\\Usuario\\Downloads\\sistema-cooperativa-export\\proyecto-cooperativa\\node_modules\\@jridgewell\\.resolve-uri-SVS9BPxw',
393 silly reify   'C:\\Users\\Usuario\\Downloads\\sistema-cooperativa-export\\proyecto-cooperativa\\node_modules\\@jridgewell\\sourcemap-codec': 'C:\\Users\\Usuario\\Downloads\\sistema-cooperativa-export\\proyecto-cooperativa\\node_modules\\@jridgewell\\.sourcemap-codec-ctofzfxt',
393 silly reify   'C:\\Users\\Usuario\\Downloads\\sistema-cooperativa-export\\proyecto-cooperativa\\node_modules\\@jridgewell\\trace-mapping': 'C:\\Users\\Usuario\\Downloads\\sistema-cooperativa-export\\proyecto-cooperativa\\node_modules\\@jridgewell\\.trace-mapping-WNTye4mR',
393 silly reify   'C:\\Users\\Usuario\\Downloads\\sistema-cooperativa-export\\proyecto-cooperativa\\node_modules\\@next\\env': 'C:\\Users\\Usuario\\Downloads\\sistema-cooperativa-export\\proyecto-cooperativa\\node_modules\\@next\\.env-KwmFz63E',
393 silly reify   'C:\\Users\\Usuario\\Downloads\\sistema-cooperativa-export\\proyecto-cooperativa\\node_modules\\@jridgewell\\gen-mapping': 'C:\\Users\\Usuario\\Downloads\\sistema-cooperativa-export\\proyecto-cooperativa\\node_modules\\@jridgewell\\.gen-mapping-7lzYWb0n',
393 silly reify   'C:\\Users\\Usuario\\Downloads\\sistema-cooperativa-export\\proyecto-cooperativa\\node_modules\\@next\\swc-win32-x64-msvc': 'C:\\Users\\Usuario\\Downloads\\sistema-cooperativa-export\\proyecto-cooperativa\\node_modules\\@next\\.swc-win32-x64-msvc-Hfy6pNKd',
393 silly reify   'C:\\Users\\Usuario\\Downloads\\sistema-cooperativa-export\\proyecto-cooperativa\\node_modules\\@next\\eslint-plugin-next': 'C:\\Users\\Usuario\\Downloads\\sistema-cooperativa-export\\proyecto-cooperativa\\node_modules\\@next\\.eslint-plugin-next-5yXddmCV',
393 silly reify   'C:\\Users\\Usuario\\Downloads\\sistema-cooperativa-export\\proyecto-cooperativa\\node_modules\\@nolyfill\\is-core-module': 'C:\\Users\\Usuario\\Downloads\\sistema-cooperativa-export\\proyecto-cooperativa\\node_modules\\@nolyfill\\.is-core-module-oaMSWcqa',
393 silly reify   'C:\\Users\\Usuario\\Downloads\\sistema-cooperativa-export\\proyecto-cooperativa\\node_modules\\@nodelib\\fs.scandir': 'C:\\Users\\Usuario\\Downloads\\sistema-cooperativa-export\\proyecto-cooperativa\\node_modules\\@nodelib\\.fs.scandir-s9JJjwkL',
393 silly reify   'C:\\Users\\Usuario\\Downloads\\sistema-cooperativa-export\\proyecto-cooperativa\\node_modules\\@nodelib\\fs.stat': 'C:\\Users\\Usuario\\Downloads\\sistema-cooperativa-export\\proyecto-cooperativa\\node_modules\\@nodelib\\.fs.stat-rqVSdzv0',
393 silly reify   'C:\\Users\\Usuario\\Downloads\\sistema-cooperativa-export\\proyecto-cooperativa\\node_modules\\@nodelib\\fs.walk': 'C:\\Users\\Usuario\\Downloads\\sistema-cooperativa-export\\proyecto-cooperativa\\node_modules\\@nodelib\\.fs.walk-E9Km5EGa',
393 silly reify   'C:\\Users\\Usuario\\Downloads\\sistema-cooperativa-export\\proyecto-cooperativa\\node_modules\\@protobufjs\\base64': 'C:\\Users\\Usuario\\Downloads\\sistema-cooperativa-export\\proyecto-cooperativa\\node_modules\\@protobufjs\\.base64-EdMpDB5U',
393 silly reify   'C:\\Users\\Usuario\\Downloads\\sistema-cooperativa-export\\proyecto-cooperativa\\node_modules\\@protobufjs\\codegen': 'C:\\Users\\Usuario\\Downloads\\sistema-cooperativa-export\\proyecto-cooperativa\\node_modules\\@protobufjs\\.codegen-SzDrlhuc',
393 silly reify   'C:\\Users\\Usuario\\Downloads\\sistema-cooperativa-export\\proyecto-cooperativa\\node_modules\\@protobufjs\\aspromise': 'C:\\Users\\Usuario\\Downloads\\sistema-cooperativa-export\\proyecto-cooperativa\\node_modules\\@protobufjs\\.aspromise-8gthYScz',
393 silly reify   'C:\\Users\\Usuario\\Downloads\\sistema-cooperativa-export\\proyecto-cooperativa\\node_modules\\@protobufjs\\eventemitter': 'C:\\Users\\Usuario\\Downloads\\sistema-cooperativa-export\\proyecto-cooperativa\\node_modules\\@protobufjs\\.eventemitter-GP3Ii7R6',
393 silly reify   'C:\\Users\\Usuario\\Downloads\\sistema-cooperativa-export\\proyecto-cooperativa\\node_modules\\@protobufjs\\fetch': 'C:\\Users\\Usuario\\Downloads\\sistema-cooperativa-export\\proyecto-cooperativa\\node_modules\\@protobufjs\\.fetch-rUA2UNjy',
393 silly reify   'C:\\Users\\Usuario\\Downloads\\sistema-cooperativa-export\\proyecto-cooperativa\\node_modules\\@protobufjs\\float': 'C:\\Users\\Usuario\\Downloads\\sistema-cooperativa-export\\proyecto-cooperativa\\node_modules\\@protobufjs\\.float-spbZP3w4',
393 silly reify   'C:\\Users\\Usuario\\Downloads\\sistema-cooperativa-export\\proyecto-cooperativa\\node_modules\\@protobufjs\\inquire': 'C:\\Users\\Usuario\\Downloads\\sistema-cooperativa-export\\proyecto-cooperativa\\node_modules\\@protobufjs\\.inquire-oR9QNJQW',
393 silly reify   'C:\\Users\\Usuario\\Downloads\\sistema-cooperativa-export\\proyecto-cooperativa\\node_modules\\@protobufjs\\path': 'C:\\Users\\Usuario\\Downloads\\sistema-cooperativa-export\\proyecto-cooperativa\\node_modules\\@protobufjs\\.path-OUC01wUI',
393 silly reify   'C:\\Users\\Usuario\\Downloads\\sistema-cooperativa-export\\proyecto-cooperativa\\node_modules\\@protobufjs\\utf8': 'C:\\Users\\Usuario\\Downloads\\sistema-cooperativa-export\\proyecto-cooperativa\\node_modules\\@protobufjs\\.utf8-sTjmGARr',
393 silly reify   'C:\\Users\\Usuario\\Downloads\\sistema-cooperativa-export\\proyecto-cooperativa\\node_modules\\@protobufjs\\pool': 'C:\\Users\\Usuario\\Downloads\\sistema-cooperativa-export\\proyecto-cooperativa\\node_modules\\@protobufjs\\.pool-8QXRV7PS',
393 silly reify   'C:\\Users\\Usuario\\Downloads\\sistema-cooperativa-export\\proyecto-cooperativa\\node_modules\\@rtsao\\scc': 'C:\\Users\\Usuario\\Downloads\\sistema-cooperativa-export\\proyecto-cooperativa\\node_modules\\@rtsao\\.scc-5QhzAYYI',
393 silly reify   'C:\\Users\\Usuario\\Downloads\\sistema-cooperativa-export\\proyecto-cooperativa\\node_modules\\@supabase\\auth-js': 'C:\\Users\\Usuario\\Downloads\\sistema-cooperativa-export\\proyecto-cooperativa\\node_modules\\@supabase\\.auth-js-G3sH4e0O',
393 silly reify   'C:\\Users\\Usuario\\Downloads\\sistema-cooperativa-export\\proyecto-cooperativa\\node_modules\\@supabase\\functions-js': 'C:\\Users\\Usuario\\Downloads\\sistema-cooperativa-export\\proyecto-cooperativa\\node_modules\\@supabase\\.functions-js-F8gGEc68',
393 silly reify   'C:\\Users\\Usuario\\Downloads\\sistema-cooperativa-export\\proyecto-cooperativa\\node_modules\\@supabase\\phoenix': 'C:\\Users\\Usuario\\Downloads\\sistema-cooperativa-export\\proyecto-cooperativa\\node_modules\\@supabase\\.phoenix-TLR0ZXcc',
393 silly reify   'C:\\Users\\Usuario\\Downloads\\sistema-cooperativa-export\\proyecto-cooperativa\\node_modules\\@supabase\\postgrest-js': 'C:\\Users\\Usuario\\Downloads\\sistema-cooperativa-export\\proyecto-cooperativa\\node_modules\\@supabase\\.postgrest-js-B3RiXYPD',
393 silly reify   'C:\\Users\\Usuario\\Downloads\\sistema-cooperativa-export\\proyecto-cooperativa\\node_modules\\@supabase\\realtime-js': 'C:\\Users\\Usuario\\Downloads\\sistema-cooperativa-export\\proyecto-cooperativa\\node_modules\\@supabase\\.realtime-js-ONYX2qzR',
393 silly reify   'C:\\Users\\Usuario\\Downloads\\sistema-cooperativa-export\\proyecto-cooperativa\\node_modules\\@supabase\\storage-js': 'C:\\Users\\Usuario\\Downloads\\sistema-cooperativa-export\\proyecto-cooperativa\\node_modules\\@supabase\\.storage-js-NiLWk8BU',
393 silly reify   'C:\\Users\\Usuario\\Downloads\\sistema-cooperativa-export\\proyecto-cooperativa\\node_modules\\@supabase\\supabase-js': 'C:\\Users\\Usuario\\Downloads\\sistema-cooperativa-export\\proyecto-cooperativa\\node_modules\\@supabase\\.supabase-js-h3pMizvN',
393 silly reify   'C:\\Users\\Usuario\\Downloads\\sistema-cooperativa-export\\proyecto-cooperativa\\node_modules\\@tailwindcss\\oxide': 'C:\\Users\\Usuario\\Downloads\\sistema-cooperativa-export\\proyecto-cooperativa\\node_modules\\@tailwindcss\\.oxide-67NVWstN',
393 silly reify   'C:\\Users\\Usuario\\Downloads\\sistema-cooperativa-export\\proyecto-cooperativa\\node_modules\\@swc\\helpers': 'C:\\Users\\Usuario\\Downloads\\sistema-cooperativa-export\\proyecto-cooperativa\\node_modules\\@swc\\.helpers-vmWczamq',
393 silly reify   'C:\\Users\\Usuario\\Downloads\\sistema-cooperativa-export\\proyecto-cooperativa\\node_modules\\@tailwindcss\\node': 'C:\\Users\\Usuario\\Downloads\\sistema-cooperativa-export\\proyecto-cooperativa\\node_modules\\@tailwindcss\\.node-wllrPngd',
393 silly reify   'C:\\Users\\Usuario\\Downloads\\sistema-cooperativa-export\\proyecto-cooperativa\\node_modules\\@tailwindcss\\oxide-win32-x64-msvc': 'C:\\Users\\Usuario\\Downloads\\sistema-cooperativa-export\\proyecto-cooperativa\\node_modules\\@tailwindcss\\.oxide-win32-x64-msvc-NUATcv9l',
393 silly reify   'C:\\Users\\Usuario\\Downloads\\sistema-cooperativa-export\\proyecto-cooperativa\\node_modules\\@tailwindcss\\postcss': 'C:\\Users\\Usuario\\Downloads\\sistema-cooperativa-export\\proyecto-cooperativa\\node_modules\\@tailwindcss\\.postcss-qaiAZ0U0',
393 silly reify   'C:\\Users\\Usuario\\Downloads\\sistema-cooperativa-export\\proyecto-cooperativa\\node_modules\\@types\\json-schema': 'C:\\Users\\Usuario\\Downloads\\sistema-cooperativa-export\\proyecto-cooperativa\\node_modules\\@types\\.json-schema-r6FvJdzw',
393 silly reify   'C:\\Users\\Usuario\\Downloads\\sistema-cooperativa-export\\proyecto-cooperativa\\node_modules\\@types\\estree': 'C:\\Users\\Usuario\\Downloads\\sistema-cooperativa-export\\proyecto-cooperativa\\node_modules\\@types\\.estree-XktpOfJb',
393 silly reify   'C:\\Users\\Usuario\\Downloads\\sistema-cooperativa-export\\proyecto-cooperativa\\node_modules\\@types\\node': 'C:\\Users\\Usuario\\Downloads\\sistema-cooperativa-export\\proyecto-cooperativa\\node_modules\\@types\\.node-xBQPOcnG',
393 silly reify   'C:\\Users\\Usuario\\Downloads\\sistema-cooperativa-export\\proyecto-cooperativa\\node_modules\\@types\\json5': 'C:\\Users\\Usuario\\Downloads\\sistema-cooperativa-export\\proyecto-cooperativa\\node_modules\\@types\\.json5-1aNa20ro',
393 silly reify   'C:\\Users\\Usuario\\Downloads\\sistema-cooperativa-export\\proyecto-cooperativa\\node_modules\\@types\\retry': 'C:\\Users\\Usuario\\Downloads\\sistema-cooperativa-export\\proyecto-cooperativa\\node_modules\\@types\\.retry-RMndMmF4',
393 silly reify   'C:\\Users\\Usuario\\Downloads\\sistema-cooperativa-export\\proyecto-cooperativa\\node_modules\\@typescript-eslint\\eslint-plugin': 'C:\\Users\\Usuario\\Downloads\\sistema-cooperativa-export\\proyecto-cooperativa\\node_modules\\@typescript-eslint\\.eslint-plugin-of5Kbghx',
393 silly reify   'C:\\Users\\Usuario\\Downloads\\sistema-cooperativa-export\\proyecto-cooperativa\\node_modules\\@typescript-eslint\\parser': 'C:\\Users\\Usuario\\Downloads\\sistema-cooperativa-export\\proyecto-cooperativa\\node_modules\\@typescript-eslint\\.parser-Pan8Y6xk',
393 silly reify   'C:\\Users\\Usuario\\Downloads\\sistema-cooperativa-export\\proyecto-cooperativa\\node_modules\\@typescript-eslint\\project-service': 'C:\\Users\\Usuario\\Downloads\\sistema-cooperativa-export\\proyecto-cooperativa\\node_modules\\@typescript-eslint\\.project-service-YgakgGZk',
393 silly reify   'C:\\Users\\Usuario\\Downloads\\sistema-cooperativa-export\\proyecto-cooperativa\\node_modules\\@typescript-eslint\\scope-manager': 'C:\\Users\\Usuario\\Downloads\\sistema-cooperativa-export\\proyecto-cooperativa\\node_modules\\@typescript-eslint\\.scope-manager-2XcYplyM',
393 silly reify   'C:\\Users\\Usuario\\Downloads\\sistema-cooperativa-export\\proyecto-cooperativa\\node_modules\\@typescript-eslint\\tsconfig-utils': 'C:\\Users\\Usuario\\Downloads\\sistema-cooperativa-export\\proyecto-cooperativa\\node_modules\\@typescript-eslint\\.tsconfig-utils-5tQQmnY1',
393 silly reify   'C:\\Users\\Usuario\\Downloads\\sistema-cooperativa-export\\proyecto-cooperativa\\node_modules\\@typescript-eslint\\types': 'C:\\Users\\Usuario\\Downloads\\sistema-cooperativa-export\\proyecto-cooperativa\\node_modules\\@typescript-eslint\\.types-tDbb7AZO',
393 silly reify   'C:\\Users\\Usuario\\Downloads\\sistema-cooperativa-export\\proyecto-cooperativa\\node_modules\\@typescript-eslint\\typescript-estree': 'C:\\Users\\Usuario\\Downloads\\sistema-cooperativa-export\\proyecto-cooperativa\\node_modules\\@typescript-eslint\\.typescript-estree-4goisVTh',
393 silly reify   'C:\\Users\\Usuario\\Downloads\\sistema-cooperativa-export\\proyecto-cooperativa\\node_modules\\@typescript-eslint\\utils': 'C:\\Users\\Usuario\\Downloads\\sistema-cooperativa-export\\proyecto-cooperativa\\node_modules\\@typescript-eslint\\.utils-4A2ZjvbJ',
393 silly reify   'C:\\Users\\Usuario\\Downloads\\sistema-cooperativa-export\\proyecto-cooperativa\\node_modules\\@typescript-eslint\\type-utils': 'C:\\Users\\Usuario\\Downloads\\sistema-cooperativa-export\\proyecto-cooperativa\\node_modules\\@typescript-eslint\\.type-utils-odtSYVW4',
393 silly reify   'C:\\Users\\Usuario\\Downloads\\sistema-cooperativa-export\\proyecto-cooperativa\\node_modules\\@unrs\\resolver-binding-win32-x64-msvc': 'C:\\Users\\Usuario\\Downloads\\sistema-cooperativa-export\\proyecto-cooperativa\\node_modules\\@unrs\\.resolver-binding-win32-x64-msvc-DlyXRMqC',
393 silly reify   'C:\\Users\\Usuario\\Downloads\\sistema-cooperativa-export\\proyecto-cooperativa\\node_modules\\@typescript-eslint\\visitor-keys': 'C:\\Users\\Usuario\\Downloads\\sistema-cooperativa-export\\proyecto-cooperativa\\node_modules\\@typescript-eslint\\.visitor-keys-88OEg14C'
393 silly reify }
394 http cache @unrs/resolver-binding-win32-x64-msvc@https://registry.npmjs.org/@unrs/resolver-binding-win32-x64-msvc/-/resolver-binding-win32-x64-msvc-1.12.2.tgz 0ms (cache hit)
395 http cache @typescript-eslint/visitor-keys@https://registry.npmjs.org/@typescript-eslint/visitor-keys/-/visitor-keys-8.60.0.tgz 0ms (cache hit)
396 http cache @typescript-eslint/utils@https://registry.npmjs.org/@typescript-eslint/utils/-/utils-8.60.0.tgz 0ms (cache hit)
397 http cache @typescript-eslint/type-utils@https://registry.npmjs.org/@typescript-eslint/type-utils/-/type-utils-8.60.0.tgz 0ms (cache hit)
398 http cache @typescript-eslint/types@https://registry.npmjs.org/@typescript-eslint/types/-/types-8.60.0.tgz 0ms (cache hit)
399 http cache @typescript-eslint/scope-manager@https://registry.npmjs.org/@typescript-eslint/scope-manager/-/scope-manager-8.60.0.tgz 0ms (cache hit)
400 http cache @typescript-eslint/parser@https://registry.npmjs.org/@typescript-eslint/parser/-/parser-8.60.0.tgz 0ms (cache hit)
401 http cache @typescript-eslint/tsconfig-utils@https://registry.npmjs.org/@typescript-eslint/tsconfig-utils/-/tsconfig-utils-8.60.0.tgz 0ms (cache hit)
402 http cache @typescript-eslint/project-service@https://registry.npmjs.org/@typescript-eslint/project-service/-/project-service-8.60.0.tgz 0ms (cache hit)
403 http cache @typescript-eslint/typescript-estree@https://registry.npmjs.org/@typescript-eslint/typescript-estree/-/typescript-estree-8.60.0.tgz 0ms (cache hit)
404 http cache @typescript-eslint/eslint-plugin@https://registry.npmjs.org/@typescript-eslint/eslint-plugin/-/eslint-plugin-8.60.0.tgz 0ms (cache hit)
405 http cache @types/retry@https://registry.npmjs.org/@types/retry/-/retry-0.12.0.tgz 0ms (cache hit)
406 http cache @types/json5@https://registry.npmjs.org/@types/json5/-/json5-0.0.29.tgz 0ms (cache hit)
407 http cache @types/estree@https://registry.npmjs.org/@types/estree/-/estree-1.0.9.tgz 0ms (cache hit)
408 http cache @types/node@https://registry.npmjs.org/@types/node/-/node-25.9.1.tgz 0ms (cache hit)
409 http cache @types/json-schema@https://registry.npmjs.org/@types/json-schema/-/json-schema-7.0.15.tgz 0ms (cache hit)
410 http cache @tailwindcss/postcss@https://registry.npmjs.org/@tailwindcss/postcss/-/postcss-4.3.0.tgz 0ms (cache hit)
411 http cache @tailwindcss/oxide-win32-x64-msvc@https://registry.npmjs.org/@tailwindcss/oxide-win32-x64-msvc/-/oxide-win32-x64-msvc-4.3.0.tgz 0ms (cache hit)
412 http cache @swc/helpers@https://registry.npmjs.org/@swc/helpers/-/helpers-0.5.15.tgz 0ms (cache hit)
413 http cache @tailwindcss/node@https://registry.npmjs.org/@tailwindcss/node/-/node-4.3.0.tgz 0ms (cache hit)
414 http cache @tailwindcss/oxide@https://registry.npmjs.org/@tailwindcss/oxide/-/oxide-4.3.0.tgz 0ms (cache hit)
415 http cache @supabase/supabase-js@https://registry.npmjs.org/@supabase/supabase-js/-/supabase-js-2.106.2.tgz 0ms (cache hit)
416 http cache @supabase/storage-js@https://registry.npmjs.org/@supabase/storage-js/-/storage-js-2.106.2.tgz 0ms (cache hit)
417 http cache @supabase/realtime-js@https://registry.npmjs.org/@supabase/realtime-js/-/realtime-js-2.106.2.tgz 0ms (cache hit)
418 http cache @supabase/postgrest-js@https://registry.npmjs.org/@supabase/postgrest-js/-/postgrest-js-2.106.2.tgz 0ms (cache hit)
419 http cache @supabase/auth-js@https://registry.npmjs.org/@supabase/auth-js/-/auth-js-2.106.2.tgz 0ms (cache hit)
420 http cache @rtsao/scc@https://registry.npmjs.org/@rtsao/scc/-/scc-1.1.0.tgz 0ms (cache hit)
421 http cache @supabase/functions-js@https://registry.npmjs.org/@supabase/functions-js/-/functions-js-2.106.2.tgz 0ms (cache hit)
422 http cache @protobufjs/pool@https://registry.npmjs.org/@protobufjs/pool/-/pool-1.1.0.tgz 0ms (cache hit)
423 http cache @protobufjs/utf8@https://registry.npmjs.org/@protobufjs/utf8/-/utf8-1.1.1.tgz 0ms (cache hit)
424 http cache @protobufjs/float@https://registry.npmjs.org/@protobufjs/float/-/float-1.0.2.tgz 0ms (cache hit)
425 http cache @protobufjs/path@https://registry.npmjs.org/@protobufjs/path/-/path-1.1.2.tgz 0ms (cache hit)
426 http cache @supabase/phoenix@https://registry.npmjs.org/@supabase/phoenix/-/phoenix-0.4.2.tgz 0ms (cache hit)
427 http cache @protobufjs/inquire@https://registry.npmjs.org/@protobufjs/inquire/-/inquire-1.1.2.tgz 0ms (cache hit)
428 http cache @protobufjs/fetch@https://registry.npmjs.org/@protobufjs/fetch/-/fetch-1.1.1.tgz 0ms (cache hit)
429 http cache @protobufjs/eventemitter@https://registry.npmjs.org/@protobufjs/eventemitter/-/eventemitter-1.1.1.tgz 0ms (cache hit)
430 http cache @protobufjs/aspromise@https://registry.npmjs.org/@protobufjs/aspromise/-/aspromise-1.1.2.tgz 0ms (cache hit)
431 http cache @protobufjs/codegen@https://registry.npmjs.org/@protobufjs/codegen/-/codegen-2.0.5.tgz 0ms (cache hit)
432 http cache @nodelib/fs.walk@https://registry.npmjs.org/@nodelib/fs.walk/-/fs.walk-1.2.8.tgz 0ms (cache hit)
433 http cache @protobufjs/base64@https://registry.npmjs.org/@protobufjs/base64/-/base64-1.1.2.tgz 0ms (cache hit)
434 http cache @nodelib/fs.stat@https://registry.npmjs.org/@nodelib/fs.stat/-/fs.stat-2.0.5.tgz 0ms (cache hit)
435 http cache @nodelib/fs.scandir@https://registry.npmjs.org/@nodelib/fs.scandir/-/fs.scandir-2.1.5.tgz 0ms (cache hit)
436 http cache @nolyfill/is-core-module@https://registry.npmjs.org/@nolyfill/is-core-module/-/is-core-module-1.0.39.tgz 0ms (cache hit)
437 http cache @next/eslint-plugin-next@https://registry.npmjs.org/@next/eslint-plugin-next/-/eslint-plugin-next-16.2.6.tgz 0ms (cache hit)
438 http cache @jridgewell/gen-mapping@https://registry.npmjs.org/@jridgewell/gen-mapping/-/gen-mapping-0.3.13.tgz 0ms (cache hit)
439 http cache @next/swc-win32-x64-msvc@https://registry.npmjs.org/@next/swc-win32-x64-msvc/-/swc-win32-x64-msvc-16.2.6.tgz 0ms (cache hit)
440 http cache @next/env@https://registry.npmjs.org/@next/env/-/env-16.2.6.tgz 0ms (cache hit)
441 http cache @jridgewell/trace-mapping@https://registry.npmjs.org/@jridgewell/trace-mapping/-/trace-mapping-0.3.31.tgz 0ms (cache hit)
442 http cache @jridgewell/sourcemap-codec@https://registry.npmjs.org/@jridgewell/sourcemap-codec/-/sourcemap-codec-1.5.5.tgz 0ms (cache hit)
443 http cache @jridgewell/resolve-uri@https://registry.npmjs.org/@jridgewell/resolve-uri/-/resolve-uri-3.1.2.tgz 0ms (cache hit)
444 http cache @google/genai@https://registry.npmjs.org/@google/genai/-/genai-2.6.0.tgz 0ms (cache hit)
445 http cache @jridgewell/remapping@https://registry.npmjs.org/@jridgewell/remapping/-/remapping-2.3.5.tgz 0ms (cache hit)
446 http cache @img/sharp-win32-x64@https://registry.npmjs.org/@img/sharp-win32-x64/-/sharp-win32-x64-0.34.5.tgz 0ms (cache hit)
447 http cache @humanwhocodes/retry@https://registry.npmjs.org/@humanwhocodes/retry/-/retry-0.4.3.tgz 0ms (cache hit)
448 http cache @img/colour@https://registry.npmjs.org/@img/colour/-/colour-1.1.0.tgz 0ms (cache hit)
449 http cache @humanwhocodes/module-importer@https://registry.npmjs.org/@humanwhocodes/module-importer/-/module-importer-1.0.1.tgz 0ms (cache hit)
450 http cache @eslint-community/eslint-utils@https://registry.npmjs.org/@eslint-community/eslint-utils/-/eslint-utils-4.9.1.tgz 0ms (cache hit)
451 http cache @humanfs/types@https://registry.npmjs.org/@humanfs/types/-/types-0.15.0.tgz 0ms (cache hit)
452 http cache @humanfs/node@https://registry.npmjs.org/@humanfs/node/-/node-0.16.8.tgz 0ms (cache hit)
453 http cache @eslint/plugin-kit@https://registry.npmjs.org/@eslint/plugin-kit/-/plugin-kit-0.4.1.tgz 0ms (cache hit)
454 http cache @humanfs/core@https://registry.npmjs.org/@humanfs/core/-/core-0.19.2.tgz 0ms (cache hit)
455 http cache @eslint-community/regexpp@https://registry.npmjs.org/@eslint-community/regexpp/-/regexpp-4.12.2.tgz 0ms (cache hit)
456 http cache @eslint/eslintrc@https://registry.npmjs.org/@eslint/eslintrc/-/eslintrc-3.3.5.tgz 0ms (cache hit)
457 http cache @eslint/core@https://registry.npmjs.org/@eslint/core/-/core-0.17.0.tgz 0ms (cache hit)
458 http cache @eslint/js@https://registry.npmjs.org/@eslint/js/-/js-9.39.4.tgz 0ms (cache hit)
459 http cache @eslint/object-schema@https://registry.npmjs.org/@eslint/object-schema/-/object-schema-2.1.7.tgz 0ms (cache hit)
460 http cache @babel/traverse@https://registry.npmjs.org/@babel/traverse/-/traverse-7.29.7.tgz 0ms (cache hit)
461 http cache @eslint/config-helpers@https://registry.npmjs.org/@eslint/config-helpers/-/config-helpers-0.4.2.tgz 0ms (cache hit)
462 http cache @eslint/config-array@https://registry.npmjs.org/@eslint/config-array/-/config-array-0.21.2.tgz 0ms (cache hit)
463 http cache @alloc/quick-lru@https://registry.npmjs.org/@alloc/quick-lru/-/quick-lru-5.2.0.tgz 0ms (cache hit)
464 http cache @babel/types@https://registry.npmjs.org/@babel/types/-/types-7.29.7.tgz 0ms (cache hit)
465 http cache @babel/parser@https://registry.npmjs.org/@babel/parser/-/parser-7.29.7.tgz 0ms (cache hit)
466 http cache zod-validation-error@https://registry.npmjs.org/zod-validation-error/-/zod-validation-error-4.0.2.tgz 1ms (cache hit)
467 http cache @babel/helpers@https://registry.npmjs.org/@babel/helpers/-/helpers-7.29.7.tgz 0ms (cache hit)
468 http cache @babel/template@https://registry.npmjs.org/@babel/template/-/template-7.29.7.tgz 0ms (cache hit)
469 http cache @babel/helper-validator-option@https://registry.npmjs.org/@babel/helper-validator-option/-/helper-validator-option-7.29.7.tgz 0ms (cache hit)
470 http cache @babel/helper-validator-identifier@https://registry.npmjs.org/@babel/helper-validator-identifier/-/helper-validator-identifier-7.29.7.tgz 0ms (cache hit)
471 http cache @babel/helper-string-parser@https://registry.npmjs.org/@babel/helper-string-parser/-/helper-string-parser-7.29.7.tgz 0ms (cache hit)
472 http cache @babel/helper-module-transforms@https://registry.npmjs.org/@babel/helper-module-transforms/-/helper-module-transforms-7.29.7.tgz 0ms (cache hit)
473 http cache @babel/helper-module-imports@https://registry.npmjs.org/@babel/helper-module-imports/-/helper-module-imports-7.29.7.tgz 0ms (cache hit)
474 http cache @babel/helper-globals@https://registry.npmjs.org/@babel/helper-globals/-/helper-globals-7.29.7.tgz 0ms (cache hit)
475 http cache @babel/core@https://registry.npmjs.org/@babel/core/-/core-7.29.7.tgz 0ms (cache hit)
476 http cache @babel/helper-compilation-targets@https://registry.npmjs.org/@babel/helper-compilation-targets/-/helper-compilation-targets-7.29.7.tgz 0ms (cache hit)
477 http cache @babel/generator@https://registry.npmjs.org/@babel/generator/-/generator-7.29.7.tgz 0ms (cache hit)
478 http cache @babel/compat-data@https://registry.npmjs.org/@babel/compat-data/-/compat-data-7.29.7.tgz 0ms (cache hit)
479 http cache @babel/code-frame@https://registry.npmjs.org/@babel/code-frame/-/code-frame-7.29.7.tgz 0ms (cache hit)
480 http cache to-regex-range@https://registry.npmjs.org/to-regex-range/-/to-regex-range-5.0.1.tgz 0ms (cache hit)
481 http cache which-collection@https://registry.npmjs.org/which-collection/-/which-collection-1.0.2.tgz 0ms (cache hit)
482 http cache yocto-queue@https://registry.npmjs.org/yocto-queue/-/yocto-queue-0.1.0.tgz 0ms (cache hit)
483 http cache zod@https://registry.npmjs.org/zod/-/zod-4.4.3.tgz 0ms (cache hit)
484 http cache yallist@https://registry.npmjs.org/yallist/-/yallist-3.1.1.tgz 0ms (cache hit)
485 http cache which-builtin-type@https://registry.npmjs.org/which-builtin-type/-/which-builtin-type-1.2.1.tgz 0ms (cache hit)
486 http cache which@https://registry.npmjs.org/which/-/which-2.0.2.tgz 0ms (cache hit)
487 http cache which-typed-array@https://registry.npmjs.org/which-typed-array/-/which-typed-array-1.1.21.tgz 0ms (cache hit)
488 http cache which-boxed-primitive@https://registry.npmjs.org/which-boxed-primitive/-/which-boxed-primitive-1.1.1.tgz 0ms (cache hit)
489 http cache web-streams-polyfill@https://registry.npmjs.org/web-streams-polyfill/-/web-streams-polyfill-3.3.3.tgz 0ms (cache hit)
490 http cache uri-js@https://registry.npmjs.org/uri-js/-/uri-js-4.4.1.tgz 1ms (cache hit)
491 http cache undici-types@https://registry.npmjs.org/undici-types/-/undici-types-7.24.6.tgz 0ms (cache hit)
492 http cache update-browserslist-db@https://registry.npmjs.org/update-browserslist-db/-/update-browserslist-db-1.2.3.tgz 0ms (cache hit)
493 http cache unbox-primitive@https://registry.npmjs.org/unbox-primitive/-/unbox-primitive-1.1.0.tgz 0ms (cache hit)
494 http cache unrs-resolver@https://registry.npmjs.org/unrs-resolver/-/unrs-resolver-1.12.2.tgz 0ms (cache hit)
495 http cache typescript-eslint@https://registry.npmjs.org/typescript-eslint/-/typescript-eslint-8.60.0.tgz 0ms (cache hit)
496 http cache typed-array-length@https://registry.npmjs.org/typed-array-length/-/typed-array-length-1.0.7.tgz 0ms (cache hit)
497 http cache typed-array-byte-offset@https://registry.npmjs.org/typed-array-byte-offset/-/typed-array-byte-offset-1.0.4.tgz 0ms (cache hit)
498 http cache typescript@https://registry.npmjs.org/typescript/-/typescript-6.0.3.tgz 0ms (cache hit)
499 http cache typed-array-byte-length@https://registry.npmjs.org/typed-array-byte-length/-/typed-array-byte-length-1.0.3.tgz 0ms (cache hit)
500 http cache typed-array-buffer@https://registry.npmjs.org/typed-array-buffer/-/typed-array-buffer-1.0.3.tgz 0ms (cache hit)
501 http cache type-check@https://registry.npmjs.org/type-check/-/type-check-0.4.0.tgz 0ms (cache hit)
502 http cache tslib@https://registry.npmjs.org/tslib/-/tslib-2.8.1.tgz 0ms (cache hit)
503 http cache ts-api-utils@https://registry.npmjs.org/ts-api-utils/-/ts-api-utils-2.5.0.tgz 0ms (cache hit)
504 http cache word-wrap@https://registry.npmjs.org/word-wrap/-/word-wrap-1.2.5.tgz 0ms (cache hit)
505 http cache tsconfig-paths@https://registry.npmjs.org/tsconfig-paths/-/tsconfig-paths-3.15.0.tgz 0ms (cache hit)
506 http cache tinyglobby@https://registry.npmjs.org/tinyglobby/-/tinyglobby-0.2.16.tgz 0ms (cache hit)
507 http cache ws@https://registry.npmjs.org/ws/-/ws-8.21.0.tgz 0ms (cache hit)
508 http cache tapable@https://registry.npmjs.org/tapable/-/tapable-2.3.3.tgz 0ms (cache hit)
509 http cache string.prototype.trimstart@https://registry.npmjs.org/string.prototype.trimstart/-/string.prototype.trimstart-1.0.8.tgz 0ms (cache hit)
510 http cache supports-preserve-symlinks-flag@https://registry.npmjs.org/supports-preserve-symlinks-flag/-/supports-preserve-symlinks-flag-1.0.0.tgz 0ms (cache hit)
511 http cache tailwindcss@https://registry.npmjs.org/tailwindcss/-/tailwindcss-4.3.0.tgz 0ms (cache hit)
512 http cache string.prototype.repeat@https://registry.npmjs.org/string.prototype.repeat/-/string.prototype.repeat-1.0.0.tgz 0ms (cache hit)
513 http cache strip-bom@https://registry.npmjs.org/strip-bom/-/strip-bom-3.0.0.tgz 0ms (cache hit)
514 http cache strip-json-comments@https://registry.npmjs.org/strip-json-comments/-/strip-json-comments-3.1.1.tgz 0ms (cache hit)
515 http cache string.prototype.trimend@https://registry.npmjs.org/string.prototype.trimend/-/string.prototype.trimend-1.0.9.tgz 0ms (cache hit)
516 http cache side-channel@https://registry.npmjs.org/side-channel/-/side-channel-1.1.0.tgz 0ms (cache hit)
517 http cache string.prototype.trim@https://registry.npmjs.org/string.prototype.trim/-/string.prototype.trim-1.2.10.tgz 0ms (cache hit)
518 http cache string.prototype.includes@https://registry.npmjs.org/string.prototype.includes/-/string.prototype.includes-2.0.1.tgz 0ms (cache hit)
519 http cache side-channel-weakmap@https://registry.npmjs.org/side-channel-weakmap/-/side-channel-weakmap-1.0.2.tgz 0ms (cache hit)
520 http cache stop-iteration-iterator@https://registry.npmjs.org/stop-iteration-iterator/-/stop-iteration-iterator-1.1.0.tgz 0ms (cache hit)
521 http cache safe-push-apply@https://registry.npmjs.org/safe-push-apply/-/safe-push-apply-1.0.0.tgz 0ms (cache hit)
522 http cache source-map-js@https://registry.npmjs.org/source-map-js/-/source-map-js-1.2.1.tgz 0ms (cache hit)
523 http cache side-channel-map@https://registry.npmjs.org/side-channel-map/-/side-channel-map-1.0.1.tgz 0ms (cache hit)
524 http cache side-channel-list@https://registry.npmjs.org/side-channel-list/-/side-channel-list-1.0.1.tgz 0ms (cache hit)
525 http cache stable-hash@https://registry.npmjs.org/stable-hash/-/stable-hash-0.0.5.tgz 0ms (cache hit)
526 http cache supports-color@https://registry.npmjs.org/supports-color/-/supports-color-7.2.0.tgz 0ms (cache hit)
527 http cache shebang-command@https://registry.npmjs.org/shebang-command/-/shebang-command-2.0.0.tgz 0ms (cache hit)
528 http cache shebang-regex@https://registry.npmjs.org/shebang-regex/-/shebang-regex-3.0.0.tgz 0ms (cache hit)
529 http cache string.prototype.matchall@https://registry.npmjs.org/string.prototype.matchall/-/string.prototype.matchall-4.0.12.tgz 0ms (cache hit)
530 http cache set-proto@https://registry.npmjs.org/set-proto/-/set-proto-1.0.0.tgz 0ms (cache hit)
531 http cache set-function-name@https://registry.npmjs.org/set-function-name/-/set-function-name-2.0.2.tgz 0ms (cache hit)
532 http cache set-function-length@https://registry.npmjs.org/set-function-length/-/set-function-length-1.2.2.tgz 0ms (cache hit)
533 http cache sharp@https://registry.npmjs.org/sharp/-/sharp-0.34.5.tgz 0ms (cache hit)
534 http cache scheduler@https://registry.npmjs.org/scheduler/-/scheduler-0.27.0.tgz 0ms (cache hit)
535 http cache styled-jsx@https://registry.npmjs.org/styled-jsx/-/styled-jsx-5.1.6.tgz 0ms (cache hit)
536 http cache semver@https://registry.npmjs.org/semver/-/semver-6.3.1.tgz 0ms (cache hit)
537 http cache safe-array-concat@https://registry.npmjs.org/safe-array-concat/-/safe-array-concat-1.1.4.tgz 0ms (cache hit)
538 http cache safe-regex-test@https://registry.npmjs.org/safe-regex-test/-/safe-regex-test-1.1.0.tgz 0ms (cache hit)
539 http cache run-parallel@https://registry.npmjs.org/run-parallel/-/run-parallel-1.2.0.tgz 0ms (cache hit)
540 http cache safe-buffer@https://registry.npmjs.org/safe-buffer/-/safe-buffer-5.2.1.tgz 0ms (cache hit)
541 http cache reusify@https://registry.npmjs.org/reusify/-/reusify-1.1.0.tgz 1ms (cache hit)
542 http cache retry@https://registry.npmjs.org/retry/-/retry-0.13.1.tgz 0ms (cache hit)
543 http cache resolve-from@https://registry.npmjs.org/resolve-from/-/resolve-from-4.0.0.tgz 0ms (cache hit)
544 http cache own-keys@https://registry.npmjs.org/own-keys/-/own-keys-1.0.1.tgz 0ms (cache hit)
545 http cache resolve@https://registry.npmjs.org/resolve/-/resolve-2.0.0-next.7.tgz 0ms (cache hit)
546 http cache regexp.prototype.flags@https://registry.npmjs.org/regexp.prototype.flags/-/regexp.prototype.flags-1.5.4.tgz 0ms (cache hit)
547 http cache reflect.getprototypeof@https://registry.npmjs.org/reflect.getprototypeof/-/reflect.getprototypeof-1.0.10.tgz 0ms (cache hit)
548 http cache react-is@https://registry.npmjs.org/react-is/-/react-is-16.13.1.tgz 0ms (cache hit)
549 http cache react@https://registry.npmjs.org/react/-/react-19.2.4.tgz 0ms (cache hit)
550 http cache react-dom@https://registry.npmjs.org/react-dom/-/react-dom-19.2.4.tgz 0ms (cache hit)
551 http cache queue-microtask@https://registry.npmjs.org/queue-microtask/-/queue-microtask-1.2.3.tgz 0ms (cache hit)
552 http cache protobufjs@https://registry.npmjs.org/protobufjs/-/protobufjs-7.6.1.tgz 0ms (cache hit)
553 http cache punycode@https://registry.npmjs.org/punycode/-/punycode-2.3.1.tgz 0ms (cache hit)
554 http cache prelude-ls@https://registry.npmjs.org/prelude-ls/-/prelude-ls-1.2.1.tgz 0ms (cache hit)
555 http cache possible-typed-array-names@https://registry.npmjs.org/possible-typed-array-names/-/possible-typed-array-names-1.1.0.tgz 0ms (cache hit)
556 http cache prop-types@https://registry.npmjs.org/prop-types/-/prop-types-15.8.1.tgz 0ms (cache hit)
557 http cache picocolors@https://registry.npmjs.org/picocolors/-/picocolors-1.1.1.tgz 0ms (cache hit)
558 http cache postcss@https://registry.npmjs.org/postcss/-/postcss-8.5.15.tgz 0ms (cache hit)
559 http cache path-parse@https://registry.npmjs.org/path-parse/-/path-parse-1.0.7.tgz 0ms (cache hit)
560 http cache path-exists@https://registry.npmjs.org/path-exists/-/path-exists-4.0.0.tgz 0ms (cache hit)
561 http cache path-key@https://registry.npmjs.org/path-key/-/path-key-3.1.1.tgz 0ms (cache hit)
562 http cache p-retry@https://registry.npmjs.org/p-retry/-/p-retry-4.6.2.tgz 0ms (cache hit)
563 http cache p-limit@https://registry.npmjs.org/p-limit/-/p-limit-3.1.0.tgz 0ms (cache hit)
564 http cache p-locate@https://registry.npmjs.org/p-locate/-/p-locate-5.0.0.tgz 0ms (cache hit)
565 http cache optionator@https://registry.npmjs.org/optionator/-/optionator-0.9.4.tgz 0ms (cache hit)
566 http cache parent-module@https://registry.npmjs.org/parent-module/-/parent-module-1.0.1.tgz 0ms (cache hit)
567 http cache object.values@https://registry.npmjs.org/object.values/-/object.values-1.2.1.tgz 0ms (cache hit)
568 http cache object.groupby@https://registry.npmjs.org/object.groupby/-/object.groupby-1.0.3.tgz 1ms (cache hit)
569 http cache object-keys@https://registry.npmjs.org/object-keys/-/object-keys-1.1.1.tgz 0ms (cache hit)
570 http cache object.fromentries@https://registry.npmjs.org/object.fromentries/-/object.fromentries-2.0.8.tgz 0ms (cache hit)
571 http cache object.assign@https://registry.npmjs.org/object.assign/-/object.assign-4.1.7.tgz 0ms (cache hit)
572 http cache object.entries@https://registry.npmjs.org/object.entries/-/object.entries-1.1.9.tgz 0ms (cache hit)
573 http cache object-inspect@https://registry.npmjs.org/object-inspect/-/object-inspect-1.13.4.tgz 0ms (cache hit)
574 http cache node-domexception@https://registry.npmjs.org/node-domexception/-/node-domexception-1.0.0.tgz 0ms (cache hit)
575 http cache node-exports-info@https://registry.npmjs.org/node-exports-info/-/node-exports-info-1.6.0.tgz 0ms (cache hit)
576 http cache node-releases@https://registry.npmjs.org/node-releases/-/node-releases-2.0.46.tgz 0ms (cache hit)
577 http cache object-assign@https://registry.npmjs.org/object-assign/-/object-assign-4.1.1.tgz 0ms (cache hit)
578 http cache node-fetch@https://registry.npmjs.org/node-fetch/-/node-fetch-3.3.2.tgz 0ms (cache hit)
579 http cache natural-compare@https://registry.npmjs.org/natural-compare/-/natural-compare-1.4.0.tgz 0ms (cache hit)
580 http cache nanoid@https://registry.npmjs.org/nanoid/-/nanoid-3.3.12.tgz 0ms (cache hit)
581 http cache next@https://registry.npmjs.org/next/-/next-16.2.6.tgz 0ms (cache hit)
582 http cache ms@https://registry.npmjs.org/ms/-/ms-2.1.3.tgz 0ms (cache hit)
583 http cache minimatch@https://registry.npmjs.org/minimatch/-/minimatch-3.1.5.tgz 0ms (cache hit)
584 http cache napi-postinstall@https://registry.npmjs.org/napi-postinstall/-/napi-postinstall-0.3.4.tgz 0ms (cache hit)
585 http cache picomatch@https://registry.npmjs.org/picomatch/-/picomatch-2.3.2.tgz 0ms (cache hit)
586 http cache micromatch@https://registry.npmjs.org/micromatch/-/micromatch-4.0.8.tgz 0ms (cache hit)
587 http cache merge2@https://registry.npmjs.org/merge2/-/merge2-1.4.1.tgz 0ms (cache hit)
588 http cache math-intrinsics@https://registry.npmjs.org/math-intrinsics/-/math-intrinsics-1.1.0.tgz 0ms (cache hit)
589 http cache long@https://registry.npmjs.org/long/-/long-5.3.2.tgz 0ms (cache hit)
590 http cache loose-envify@https://registry.npmjs.org/loose-envify/-/loose-envify-1.4.0.tgz 0ms (cache hit)
591 http cache lodash.merge@https://registry.npmjs.org/lodash.merge/-/lodash.merge-4.6.2.tgz 0ms (cache hit)
592 http cache locate-path@https://registry.npmjs.org/locate-path/-/locate-path-6.0.0.tgz 0ms (cache hit)
593 http cache magic-string@https://registry.npmjs.org/magic-string/-/magic-string-0.30.21.tgz 0ms (cache hit)
594 http cache lru-cache@https://registry.npmjs.org/lru-cache/-/lru-cache-5.1.1.tgz 0ms (cache hit)
595 http cache lightningcss-win32-x64-msvc@https://registry.npmjs.org/lightningcss-win32-x64-msvc/-/lightningcss-win32-x64-msvc-1.32.0.tgz 1ms (cache hit)
596 http cache language-tags@https://registry.npmjs.org/language-tags/-/language-tags-1.0.9.tgz 0ms (cache hit)
597 http cache keyv@https://registry.npmjs.org/keyv/-/keyv-4.5.4.tgz 0ms (cache hit)
598 http cache lightningcss@https://registry.npmjs.org/lightningcss/-/lightningcss-1.32.0.tgz 0ms (cache hit)
599 http cache levn@https://registry.npmjs.org/levn/-/levn-0.4.1.tgz 0ms (cache hit)
600 http cache language-subtag-registry@https://registry.npmjs.org/language-subtag-registry/-/language-subtag-registry-0.3.23.tgz 0ms (cache hit)
601 http cache jws@https://registry.npmjs.org/jws/-/jws-4.0.1.tgz 0ms (cache hit)
602 http cache jsx-ast-utils@https://registry.npmjs.org/jsx-ast-utils/-/jsx-ast-utils-3.3.5.tgz 0ms (cache hit)
603 http cache json-stable-stringify-without-jsonify@https://registry.npmjs.org/json-stable-stringify-without-jsonify/-/json-stable-stringify-without-jsonify-1.0.1.tgz 0ms (cache hit)
604 http cache json5@https://registry.npmjs.org/json5/-/json5-2.2.3.tgz 0ms (cache hit)
605 http cache json-schema-traverse@https://registry.npmjs.org/json-schema-traverse/-/json-schema-traverse-0.4.1.tgz 0ms (cache hit)
606 http cache json-buffer@https://registry.npmjs.org/json-buffer/-/json-buffer-3.0.1.tgz 0ms (cache hit)
607 http cache jwa@https://registry.npmjs.org/jwa/-/jwa-2.0.1.tgz 1ms (cache hit)
608 http cache json-bigint@https://registry.npmjs.org/json-bigint/-/json-bigint-1.0.0.tgz 0ms (cache hit)
609 http cache js-tokens@https://registry.npmjs.org/js-tokens/-/js-tokens-4.0.0.tgz 0ms (cache hit)
610 http cache js-yaml@https://registry.npmjs.org/js-yaml/-/js-yaml-4.1.1.tgz 0ms (cache hit)
611 http cache jsesc@https://registry.npmjs.org/jsesc/-/jsesc-3.1.0.tgz 1ms (cache hit)
612 http cache jiti@https://registry.npmjs.org/jiti/-/jiti-2.7.0.tgz 0ms (cache hit)
613 http cache iterator.prototype@https://registry.npmjs.org/iterator.prototype/-/iterator.prototype-1.1.5.tgz 0ms (cache hit)
614 http cache isexe@https://registry.npmjs.org/isexe/-/isexe-2.0.0.tgz 0ms (cache hit)
615 http cache resolve-pkg-maps@https://registry.npmjs.org/resolve-pkg-maps/-/resolve-pkg-maps-1.0.0.tgz 0ms (cache hit)
616 http cache is-weakref@https://registry.npmjs.org/is-weakref/-/is-weakref-1.1.1.tgz 0ms (cache hit)
617 http cache is-weakset@https://registry.npmjs.org/is-weakset/-/is-weakset-2.0.4.tgz 0ms (cache hit)
618 http cache is-typed-array@https://registry.npmjs.org/is-typed-array/-/is-typed-array-1.1.15.tgz 0ms (cache hit)
619 http cache isarray@https://registry.npmjs.org/isarray/-/isarray-2.0.5.tgz 0ms (cache hit)
620 http cache is-symbol@https://registry.npmjs.org/is-symbol/-/is-symbol-1.1.1.tgz 0ms (cache hit)
621 http cache is-weakmap@https://registry.npmjs.org/is-weakmap/-/is-weakmap-2.0.2.tgz 0ms (cache hit)
622 http cache is-shared-array-buffer@https://registry.npmjs.org/is-shared-array-buffer/-/is-shared-array-buffer-1.0.4.tgz 0ms (cache hit)
623 http cache is-string@https://registry.npmjs.org/is-string/-/is-string-1.1.1.tgz 0ms (cache hit)
624 http cache is-set@https://registry.npmjs.org/is-set/-/is-set-2.0.3.tgz 0ms (cache hit)
625 http cache is-regex@https://registry.npmjs.org/is-regex/-/is-regex-1.2.1.tgz 0ms (cache hit)
626 http cache is-negative-zero@https://registry.npmjs.org/is-negative-zero/-/is-negative-zero-2.0.3.tgz 0ms (cache hit)
627 http cache is-number-object@https://registry.npmjs.org/is-number-object/-/is-number-object-1.1.1.tgz 0ms (cache hit)
628 http cache is-glob@https://registry.npmjs.org/is-glob/-/is-glob-4.0.3.tgz 0ms (cache hit)
629 http cache is-map@https://registry.npmjs.org/is-map/-/is-map-2.0.3.tgz 0ms (cache hit)
630 http cache is-generator-function@https://registry.npmjs.org/is-generator-function/-/is-generator-function-1.1.2.tgz 0ms (cache hit)
631 http cache is-finalizationregistry@https://registry.npmjs.org/is-finalizationregistry/-/is-finalizationregistry-1.1.1.tgz 0ms (cache hit)
632 http cache is-extglob@https://registry.npmjs.org/is-extglob/-/is-extglob-2.1.1.tgz 0ms (cache hit)
633 http cache is-date-object@https://registry.npmjs.org/is-date-object/-/is-date-object-1.1.0.tgz 0ms (cache hit)
634 http cache has-symbols@https://registry.npmjs.org/has-symbols/-/has-symbols-1.1.0.tgz 0ms (cache hit)
635 http cache is-data-view@https://registry.npmjs.org/is-data-view/-/is-data-view-1.0.2.tgz 0ms (cache hit)
636 http cache is-core-module@https://registry.npmjs.org/is-core-module/-/is-core-module-2.16.2.tgz 0ms (cache hit)
637 http cache is-bigint@https://registry.npmjs.org/is-bigint/-/is-bigint-1.1.0.tgz 0ms (cache hit)
638 http cache is-callable@https://registry.npmjs.org/is-callable/-/is-callable-1.2.7.tgz 0ms (cache hit)
639 http cache is-bun-module@https://registry.npmjs.org/is-bun-module/-/is-bun-module-2.0.0.tgz 0ms (cache hit)
640 http cache is-async-function@https://registry.npmjs.org/is-async-function/-/is-async-function-2.1.1.tgz 0ms (cache hit)
641 http cache is-boolean-object@https://registry.npmjs.org/is-boolean-object/-/is-boolean-object-1.2.2.tgz 0ms (cache hit)
642 http cache is-array-buffer@https://registry.npmjs.org/is-array-buffer/-/is-array-buffer-3.0.5.tgz 0ms (cache hit)
643 http cache internal-slot@https://registry.npmjs.org/internal-slot/-/internal-slot-1.1.0.tgz 0ms (cache hit)
644 http cache import-fresh@https://registry.npmjs.org/import-fresh/-/import-fresh-3.3.1.tgz 0ms (cache hit)
645 http cache imurmurhash@https://registry.npmjs.org/imurmurhash/-/imurmurhash-0.1.4.tgz 0ms (cache hit)
646 http cache ignore@https://registry.npmjs.org/ignore/-/ignore-5.3.2.tgz 0ms (cache hit)
647 http cache iceberg-js@https://registry.npmjs.org/iceberg-js/-/iceberg-js-0.8.1.tgz 0ms (cache hit)
648 http cache hermes-estree@https://registry.npmjs.org/hermes-estree/-/hermes-estree-0.25.1.tgz 0ms (cache hit)
649 http cache https-proxy-agent@https://registry.npmjs.org/https-proxy-agent/-/https-proxy-agent-7.0.6.tgz 0ms (cache hit)
650 http cache hermes-parser@https://registry.npmjs.org/hermes-parser/-/hermes-parser-0.25.1.tgz 0ms (cache hit)
651 http cache hasown@https://registry.npmjs.org/hasown/-/hasown-2.0.3.tgz 0ms (cache hit)
652 http cache has-tostringtag@https://registry.npmjs.org/has-tostringtag/-/has-tostringtag-1.0.2.tgz 0ms (cache hit)
653 http cache gaxios@https://registry.npmjs.org/gaxios/-/gaxios-7.1.4.tgz 0ms (cache hit)
654 http cache has-flag@https://registry.npmjs.org/has-flag/-/has-flag-4.0.0.tgz 0ms (cache hit)
655 http cache has-proto@https://registry.npmjs.org/has-proto/-/has-proto-1.2.0.tgz 0ms (cache hit)
656 http cache has-bigints@https://registry.npmjs.org/has-bigints/-/has-bigints-1.1.0.tgz 0ms (cache hit)
657 http cache gopd@https://registry.npmjs.org/gopd/-/gopd-1.2.0.tgz 0ms (cache hit)
658 http cache get-proto@https://registry.npmjs.org/get-proto/-/get-proto-1.0.1.tgz 0ms (cache hit)
659 http cache graceful-fs@https://registry.npmjs.org/graceful-fs/-/graceful-fs-4.2.11.tgz 0ms (cache hit)
660 http cache google-logging-utils@https://registry.npmjs.org/google-logging-utils/-/google-logging-utils-1.1.3.tgz 0ms (cache hit)
661 http cache google-auth-library@https://registry.npmjs.org/google-auth-library/-/google-auth-library-10.6.2.tgz 0ms (cache hit)
662 http cache globalthis@https://registry.npmjs.org/globalthis/-/globalthis-1.0.4.tgz 0ms (cache hit)
663 http cache is-number@https://registry.npmjs.org/is-number/-/is-number-7.0.0.tgz 0ms (cache hit)
664 http cache glob-parent@https://registry.npmjs.org/glob-parent/-/glob-parent-6.0.2.tgz 0ms (cache hit)
665 http cache get-tsconfig@https://registry.npmjs.org/get-tsconfig/-/get-tsconfig-4.14.0.tgz 0ms (cache hit)
666 http cache get-symbol-description@https://registry.npmjs.org/get-symbol-description/-/get-symbol-description-1.1.0.tgz 0ms (cache hit)
667 http cache globals@https://registry.npmjs.org/globals/-/globals-14.0.0.tgz 0ms (cache hit)
668 http cache generator-function@https://registry.npmjs.org/generator-function/-/generator-function-2.0.1.tgz 0ms (cache hit)
669 http cache get-intrinsic@https://registry.npmjs.org/get-intrinsic/-/get-intrinsic-1.3.0.tgz 0ms (cache hit)
670 http cache gcp-metadata@https://registry.npmjs.org/gcp-metadata/-/gcp-metadata-8.1.2.tgz 0ms (cache hit)
671 http cache gensync@https://registry.npmjs.org/gensync/-/gensync-1.0.0-beta.2.tgz 0ms (cache hit)
672 http cache has-property-descriptors@https://registry.npmjs.org/has-property-descriptors/-/has-property-descriptors-1.0.2.tgz 0ms (cache hit)
673 http cache function.prototype.name@https://registry.npmjs.org/function.prototype.name/-/function.prototype.name-1.1.8.tgz 0ms (cache hit)
674 http cache formdata-polyfill@https://registry.npmjs.org/formdata-polyfill/-/formdata-polyfill-4.0.10.tgz 0ms (cache hit)
675 http cache fetch-blob@https://registry.npmjs.org/fetch-blob/-/fetch-blob-3.2.0.tgz 0ms (cache hit)
676 http cache flatted@https://registry.npmjs.org/flatted/-/flatted-3.4.2.tgz 0ms (cache hit)
677 http cache find-up@https://registry.npmjs.org/find-up/-/find-up-5.0.0.tgz 0ms (cache hit)
678 http cache file-entry-cache@https://registry.npmjs.org/file-entry-cache/-/file-entry-cache-8.0.0.tgz 0ms (cache hit)
679 http cache function-bind@https://registry.npmjs.org/function-bind/-/function-bind-1.1.2.tgz 0ms (cache hit)
680 http cache for-each@https://registry.npmjs.org/for-each/-/for-each-0.3.5.tgz 0ms (cache hit)
681 http cache fill-range@https://registry.npmjs.org/fill-range/-/fill-range-7.1.1.tgz 0ms (cache hit)
682 http cache fastq@https://registry.npmjs.org/fastq/-/fastq-1.20.1.tgz 0ms (cache hit)
683 http cache flat-cache@https://registry.npmjs.org/flat-cache/-/flat-cache-4.0.1.tgz 1ms (cache hit)
684 http cache fast-json-stable-stringify@https://registry.npmjs.org/fast-json-stable-stringify/-/fast-json-stable-stringify-2.1.0.tgz 0ms (cache hit)
685 http cache fast-deep-equal@https://registry.npmjs.org/fast-deep-equal/-/fast-deep-equal-3.1.3.tgz 0ms (cache hit)
686 http cache functions-have-names@https://registry.npmjs.org/functions-have-names/-/functions-have-names-1.2.3.tgz 0ms (cache hit)
687 http cache esutils@https://registry.npmjs.org/esutils/-/esutils-2.0.3.tgz 0ms (cache hit)
688 http cache estraverse@https://registry.npmjs.org/estraverse/-/estraverse-5.3.0.tgz 0ms (cache hit)
689 http cache extend@https://registry.npmjs.org/extend/-/extend-3.0.2.tgz 0ms (cache hit)
690 http cache minimist@https://registry.npmjs.org/minimist/-/minimist-1.2.8.tgz 0ms (cache hit)
691 http cache fast-glob@https://registry.npmjs.org/fast-glob/-/fast-glob-3.3.1.tgz 0ms (cache hit)
692 http cache esrecurse@https://registry.npmjs.org/esrecurse/-/esrecurse-4.3.0.tgz 0ms (cache hit)
693 http cache eslint-visitor-keys@https://registry.npmjs.org/eslint-visitor-keys/-/eslint-visitor-keys-4.2.1.tgz 0ms (cache hit)
694 http cache esquery@https://registry.npmjs.org/esquery/-/esquery-1.7.0.tgz 0ms (cache hit)
695 http cache enhanced-resolve@https://registry.npmjs.org/enhanced-resolve/-/enhanced-resolve-5.22.0.tgz 0ms (cache hit)
696 http cache eslint-plugin-react-hooks@https://registry.npmjs.org/eslint-plugin-react-hooks/-/eslint-plugin-react-hooks-7.1.1.tgz 0ms (cache hit)
697 http cache eslint-plugin-react@https://registry.npmjs.org/eslint-plugin-react/-/eslint-plugin-react-7.37.5.tgz 0ms (cache hit)
698 http cache eslint-scope@https://registry.npmjs.org/eslint-scope/-/eslint-scope-8.4.0.tgz 0ms (cache hit)
699 http cache espree@https://registry.npmjs.org/espree/-/espree-10.4.0.tgz 0ms (cache hit)
700 http cache eslint-plugin-jsx-a11y@https://registry.npmjs.org/eslint-plugin-jsx-a11y/-/eslint-plugin-jsx-a11y-6.10.2.tgz 0ms (cache hit)
701 http cache eslint-plugin-import@https://registry.npmjs.org/eslint-plugin-import/-/eslint-plugin-import-2.32.0.tgz 0ms (cache hit)
702 http cache eslint-import-resolver-typescript@https://registry.npmjs.org/eslint-import-resolver-typescript/-/eslint-import-resolver-typescript-3.10.1.tgz 0ms (cache hit)
703 http cache eslint-module-utils@https://registry.npmjs.org/eslint-module-utils/-/eslint-module-utils-2.12.1.tgz 0ms (cache hit)
704 http cache eslint@https://registry.npmjs.org/eslint/-/eslint-9.39.4.tgz 0ms (cache hit)
705 http cache eslint-config-next@https://registry.npmjs.org/eslint-config-next/-/eslint-config-next-16.2.6.tgz 0ms (cache hit)
706 http cache eslint-import-resolver-node@https://registry.npmjs.org/eslint-import-resolver-node/-/eslint-import-resolver-node-0.3.10.tgz 0ms (cache hit)
707 http cache escape-string-regexp@https://registry.npmjs.org/escape-string-regexp/-/escape-string-regexp-4.0.0.tgz 0ms (cache hit)
708 http cache escalade@https://registry.npmjs.org/escalade/-/escalade-3.2.0.tgz 0ms (cache hit)
709 http cache es-to-primitive@https://registry.npmjs.org/es-to-primitive/-/es-to-primitive-1.3.0.tgz 0ms (cache hit)
710 http cache es-set-tostringtag@https://registry.npmjs.org/es-set-tostringtag/-/es-set-tostringtag-2.1.0.tgz 0ms (cache hit)
711 http cache es-object-atoms@https://registry.npmjs.org/es-object-atoms/-/es-object-atoms-1.1.2.tgz 0ms (cache hit)
712 http cache es-iterator-helpers@https://registry.npmjs.org/es-iterator-helpers/-/es-iterator-helpers-1.3.2.tgz 0ms (cache hit)
713 http cache es-errors@https://registry.npmjs.org/es-errors/-/es-errors-1.3.0.tgz 0ms (cache hit)
714 http cache es-define-property@https://registry.npmjs.org/es-define-property/-/es-define-property-1.0.1.tgz 0ms (cache hit)
715 http cache fast-levenshtein@https://registry.npmjs.org/fast-levenshtein/-/fast-levenshtein-2.0.6.tgz 0ms (cache hit)
716 http cache es-shim-unscopables@https://registry.npmjs.org/es-shim-unscopables/-/es-shim-unscopables-1.1.0.tgz 0ms (cache hit)
717 http cache es-abstract@https://registry.npmjs.org/es-abstract/-/es-abstract-1.24.2.tgz 1ms (cache hit)
718 http cache emoji-regex@https://registry.npmjs.org/emoji-regex/-/emoji-regex-9.2.2.tgz 0ms (cache hit)
719 http cache dunder-proto@https://registry.npmjs.org/dunder-proto/-/dunder-proto-1.0.1.tgz 0ms (cache hit)
720 http cache electron-to-chromium@https://registry.npmjs.org/electron-to-chromium/-/electron-to-chromium-1.5.362.tgz 0ms (cache hit)
721 http cache ecdsa-sig-formatter@https://registry.npmjs.org/ecdsa-sig-formatter/-/ecdsa-sig-formatter-1.0.11.tgz 0ms (cache hit)
722 http cache deep-is@https://registry.npmjs.org/deep-is/-/deep-is-0.1.4.tgz 0ms (cache hit)
723 http cache define-properties@https://registry.npmjs.org/define-properties/-/define-properties-1.2.1.tgz 0ms (cache hit)
724 http cache doctrine@https://registry.npmjs.org/doctrine/-/doctrine-2.1.0.tgz 0ms (cache hit)
725 http cache detect-libc@https://registry.npmjs.org/detect-libc/-/detect-libc-2.1.2.tgz 0ms (cache hit)
726 http cache debug@https://registry.npmjs.org/debug/-/debug-4.4.3.tgz 0ms (cache hit)
727 http cache define-data-property@https://registry.npmjs.org/define-data-property/-/define-data-property-1.1.4.tgz 0ms (cache hit)
728 http cache data-view-byte-offset@https://registry.npmjs.org/data-view-byte-offset/-/data-view-byte-offset-1.0.1.tgz 0ms (cache hit)
729 http cache data-view-byte-length@https://registry.npmjs.org/data-view-byte-length/-/data-view-byte-length-1.0.2.tgz 0ms (cache hit)
730 http cache data-view-buffer@https://registry.npmjs.org/data-view-buffer/-/data-view-buffer-1.0.2.tgz 0ms (cache hit)
731 http cache data-uri-to-buffer@https://registry.npmjs.org/data-uri-to-buffer/-/data-uri-to-buffer-4.0.1.tgz 0ms (cache hit)
732 http cache damerau-levenshtein@https://registry.npmjs.org/damerau-levenshtein/-/damerau-levenshtein-1.0.8.tgz 0ms (cache hit)
733 http cache convert-source-map@https://registry.npmjs.org/convert-source-map/-/convert-source-map-2.0.0.tgz 0ms (cache hit)
734 http cache concat-map@https://registry.npmjs.org/concat-map/-/concat-map-0.0.1.tgz 0ms (cache hit)
735 http cache cross-spawn@https://registry.npmjs.org/cross-spawn/-/cross-spawn-7.0.6.tgz 0ms (cache hit)
736 http cache color-convert@https://registry.npmjs.org/color-convert/-/color-convert-2.0.1.tgz 0ms (cache hit)
737 http cache client-only@https://registry.npmjs.org/client-only/-/client-only-0.0.1.tgz 0ms (cache hit)
738 http cache color-name@https://registry.npmjs.org/color-name/-/color-name-1.1.4.tgz 0ms (cache hit)
739 http cache callsites@https://registry.npmjs.org/callsites/-/callsites-3.1.0.tgz 0ms (cache hit)
740 http cache call-bind-apply-helpers@https://registry.npmjs.org/call-bind-apply-helpers/-/call-bind-apply-helpers-1.0.2.tgz 0ms (cache hit)
741 http cache chalk@https://registry.npmjs.org/chalk/-/chalk-4.1.2.tgz 0ms (cache hit)
742 http cache call-bind@https://registry.npmjs.org/call-bind/-/call-bind-1.0.9.tgz 0ms (cache hit)
743 http cache caniuse-lite@https://registry.npmjs.org/caniuse-lite/-/caniuse-lite-1.0.30001793.tgz 0ms (cache hit)
744 http cache buffer-equal-constant-time@https://registry.npmjs.org/buffer-equal-constant-time/-/buffer-equal-constant-time-1.0.1.tgz 0ms (cache hit)
745 http cache call-bound@https://registry.npmjs.org/call-bound/-/call-bound-1.0.4.tgz 0ms (cache hit)
746 http cache browserslist@https://registry.npmjs.org/browserslist/-/browserslist-4.28.2.tgz 0ms (cache hit)
747 http cache bignumber.js@https://registry.npmjs.org/bignumber.js/-/bignumber.js-9.3.1.tgz 0ms (cache hit)
748 http cache baseline-browser-mapping@https://registry.npmjs.org/baseline-browser-mapping/-/baseline-browser-mapping-2.10.32.tgz 0ms (cache hit)
749 http cache balanced-match@https://registry.npmjs.org/balanced-match/-/balanced-match-1.0.2.tgz 0ms (cache hit)
750 http cache braces@https://registry.npmjs.org/braces/-/braces-3.0.3.tgz 0ms (cache hit)
751 http cache brace-expansion@https://registry.npmjs.org/brace-expansion/-/brace-expansion-1.1.15.tgz 0ms (cache hit)
752 http cache axobject-query@https://registry.npmjs.org/axobject-query/-/axobject-query-4.1.0.tgz 0ms (cache hit)
753 http cache base64-js@https://registry.npmjs.org/base64-js/-/base64-js-1.5.1.tgz 0ms (cache hit)
754 http cache axe-core@https://registry.npmjs.org/axe-core/-/axe-core-4.11.4.tgz 0ms (cache hit)
755 http cache async-function@https://registry.npmjs.org/async-function/-/async-function-1.0.0.tgz 0ms (cache hit)
756 http cache arraybuffer.prototype.slice@https://registry.npmjs.org/arraybuffer.prototype.slice/-/arraybuffer.prototype.slice-1.0.4.tgz 0ms (cache hit)
757 http cache ast-types-flow@https://registry.npmjs.org/ast-types-flow/-/ast-types-flow-0.0.8.tgz 0ms (cache hit)
758 http cache array.prototype.flat@https://registry.npmjs.org/array.prototype.flat/-/array.prototype.flat-1.3.3.tgz 0ms (cache hit)
759 http cache available-typed-arrays@https://registry.npmjs.org/available-typed-arrays/-/available-typed-arrays-1.0.7.tgz 0ms (cache hit)
760 http cache array.prototype.tosorted@https://registry.npmjs.org/array.prototype.tosorted/-/array.prototype.tosorted-1.1.4.tgz 0ms (cache hit)
761 http cache array.prototype.flatmap@https://registry.npmjs.org/array.prototype.flatmap/-/array.prototype.flatmap-1.3.3.tgz 0ms (cache hit)
762 http cache array.prototype.findlastindex@https://registry.npmjs.org/array.prototype.findlastindex/-/array.prototype.findlastindex-1.2.6.tgz 0ms (cache hit)
763 http cache array-buffer-byte-length@https://registry.npmjs.org/array-buffer-byte-length/-/array-buffer-byte-length-1.0.2.tgz 0ms (cache hit)
764 http cache array.prototype.findlast@https://registry.npmjs.org/array.prototype.findlast/-/array.prototype.findlast-1.2.5.tgz 0ms (cache hit)
765 http cache argparse@https://registry.npmjs.org/argparse/-/argparse-2.0.1.tgz 0ms (cache hit)
766 http cache array-includes@https://registry.npmjs.org/array-includes/-/array-includes-3.1.9.tgz 0ms (cache hit)
767 http cache aria-query@https://registry.npmjs.org/aria-query/-/aria-query-5.3.2.tgz 0ms (cache hit)
768 http cache ansi-styles@https://registry.npmjs.org/ansi-styles/-/ansi-styles-4.3.0.tgz 0ms (cache hit)
769 http cache agent-base@https://registry.npmjs.org/agent-base/-/agent-base-7.1.4.tgz 0ms (cache hit)
770 http cache ajv@https://registry.npmjs.org/ajv/-/ajv-6.15.0.tgz 0ms (cache hit)
771 http cache acorn@https://registry.npmjs.org/acorn/-/acorn-8.16.0.tgz 0ms (cache hit)
772 http cache acorn-jsx@https://registry.npmjs.org/acorn-jsx/-/acorn-jsx-5.3.2.tgz 1ms (cache hit)
773 http cache eslint-visitor-keys@https://registry.npmjs.org/eslint-visitor-keys/-/eslint-visitor-keys-5.0.1.tgz 0ms (cache hit)
774 http cache semver@https://registry.npmjs.org/semver/-/semver-7.8.1.tgz 0ms (cache hit)
775 http cache balanced-match@https://registry.npmjs.org/balanced-match/-/balanced-match-4.0.4.tgz 0ms (cache hit)
776 http cache brace-expansion@https://registry.npmjs.org/brace-expansion/-/brace-expansion-5.0.6.tgz 0ms (cache hit)
777 http cache minimatch@https://registry.npmjs.org/minimatch/-/minimatch-10.2.5.tgz 0ms (cache hit)
778 http cache ignore@https://registry.npmjs.org/ignore/-/ignore-7.0.5.tgz 0ms (cache hit)
779 http cache eslint-visitor-keys@https://registry.npmjs.org/eslint-visitor-keys/-/eslint-visitor-keys-3.4.3.tgz 0ms (cache hit)
780 http cache json5@https://registry.npmjs.org/json5/-/json5-1.0.2.tgz 0ms (cache hit)
781 http cache picomatch@https://registry.npmjs.org/picomatch/-/picomatch-4.0.4.tgz 0ms (cache hit)
782 http cache fdir@https://registry.npmjs.org/fdir/-/fdir-6.5.0.tgz 0ms (cache hit)
783 http cache postcss@https://registry.npmjs.org/postcss/-/postcss-8.4.31.tgz 0ms (cache hit)
784 http cache semver@https://registry.npmjs.org/semver/-/semver-7.8.1.tgz 0ms (cache hit)
785 http cache glob-parent@https://registry.npmjs.org/glob-parent/-/glob-parent-5.1.2.tgz 0ms (cache hit)
786 http cache debug@https://registry.npmjs.org/debug/-/debug-3.2.7.tgz 0ms (cache hit)
787 http cache debug@https://registry.npmjs.org/debug/-/debug-3.2.7.tgz 0ms (cache hit)
788 http cache globals@https://registry.npmjs.org/globals/-/globals-16.4.0.tgz 0ms (cache hit)
789 http cache debug@https://registry.npmjs.org/debug/-/debug-3.2.7.tgz 0ms (cache hit)
790 silly tarball no local data for @typescript-eslint/visitor-keys@https://registry.npmjs.org/@typescript-eslint/visitor-keys/-/visitor-keys-8.60.0.tgz. Extracting by manifest.
791 silly tarball no local data for @unrs/resolver-binding-win32-x64-msvc@https://registry.npmjs.org/@unrs/resolver-binding-win32-x64-msvc/-/resolver-binding-win32-x64-msvc-1.12.2.tgz. Extracting by manifest.
792 http cache semver@https://registry.npmjs.org/semver/-/semver-7.8.1.tgz 0ms (cache hit)
793 silly tarball no local data for @typescript-eslint/utils@https://registry.npmjs.org/@typescript-eslint/utils/-/utils-8.60.0.tgz. Extracting by manifest.
794 silly tarball no local data for @typescript-eslint/type-utils@https://registry.npmjs.org/@typescript-eslint/type-utils/-/type-utils-8.60.0.tgz. Extracting by manifest.
795 silly tarball no local data for @typescript-eslint/types@https://registry.npmjs.org/@typescript-eslint/types/-/types-8.60.0.tgz. Extracting by manifest.
796 silly tarball no local data for @typescript-eslint/scope-manager@https://registry.npmjs.org/@typescript-eslint/scope-manager/-/scope-manager-8.60.0.tgz. Extracting by manifest.
797 silly tarball no local data for @typescript-eslint/parser@https://registry.npmjs.org/@typescript-eslint/parser/-/parser-8.60.0.tgz. Extracting by manifest.
798 silly tarball no local data for @typescript-eslint/tsconfig-utils@https://registry.npmjs.org/@typescript-eslint/tsconfig-utils/-/tsconfig-utils-8.60.0.tgz. Extracting by manifest.
799 silly tarball no local data for @typescript-eslint/project-service@https://registry.npmjs.org/@typescript-eslint/project-service/-/project-service-8.60.0.tgz. Extracting by manifest.
800 silly tarball no local data for @typescript-eslint/typescript-estree@https://registry.npmjs.org/@typescript-eslint/typescript-estree/-/typescript-estree-8.60.0.tgz. Extracting by manifest.
801 silly tarball no local data for @typescript-eslint/eslint-plugin@https://registry.npmjs.org/@typescript-eslint/eslint-plugin/-/eslint-plugin-8.60.0.tgz. Extracting by manifest.
802 silly tarball no local data for @types/retry@https://registry.npmjs.org/@types/retry/-/retry-0.12.0.tgz. Extracting by manifest.
803 silly tarball no local data for @types/json5@https://registry.npmjs.org/@types/json5/-/json5-0.0.29.tgz. Extracting by manifest.
804 silly tarball no local data for @types/estree@https://registry.npmjs.org/@types/estree/-/estree-1.0.9.tgz. Extracting by manifest.
805 silly tarball no local data for @types/node@https://registry.npmjs.org/@types/node/-/node-25.9.1.tgz. Extracting by manifest.
806 silly tarball no local data for @types/json-schema@https://registry.npmjs.org/@types/json-schema/-/json-schema-7.0.15.tgz. Extracting by manifest.
807 silly tarball no local data for @tailwindcss/postcss@https://registry.npmjs.org/@tailwindcss/postcss/-/postcss-4.3.0.tgz. Extracting by manifest.
808 silly tarball no local data for @tailwindcss/oxide-win32-x64-msvc@https://registry.npmjs.org/@tailwindcss/oxide-win32-x64-msvc/-/oxide-win32-x64-msvc-4.3.0.tgz. Extracting by manifest.
809 silly tarball no local data for @swc/helpers@https://registry.npmjs.org/@swc/helpers/-/helpers-0.5.15.tgz. Extracting by manifest.
810 silly tarball no local data for @tailwindcss/node@https://registry.npmjs.org/@tailwindcss/node/-/node-4.3.0.tgz. Extracting by manifest.
811 silly tarball no local data for @tailwindcss/oxide@https://registry.npmjs.org/@tailwindcss/oxide/-/oxide-4.3.0.tgz. Extracting by manifest.
812 silly tarball no local data for @supabase/supabase-js@https://registry.npmjs.org/@supabase/supabase-js/-/supabase-js-2.106.2.tgz. Extracting by manifest.
813 silly tarball no local data for @supabase/storage-js@https://registry.npmjs.org/@supabase/storage-js/-/storage-js-2.106.2.tgz. Extracting by manifest.
814 silly tarball no local data for @supabase/realtime-js@https://registry.npmjs.org/@supabase/realtime-js/-/realtime-js-2.106.2.tgz. Extracting by manifest.
815 silly tarball no local data for @supabase/postgrest-js@https://registry.npmjs.org/@supabase/postgrest-js/-/postgrest-js-2.106.2.tgz. Extracting by manifest.
816 silly tarball no local data for @supabase/auth-js@https://registry.npmjs.org/@supabase/auth-js/-/auth-js-2.106.2.tgz. Extracting by manifest.
817 silly tarball no local data for @rtsao/scc@https://registry.npmjs.org/@rtsao/scc/-/scc-1.1.0.tgz. Extracting by manifest.
818 silly tarball no local data for @supabase/functions-js@https://registry.npmjs.org/@supabase/functions-js/-/functions-js-2.106.2.tgz. Extracting by manifest.
819 silly tarball no local data for @protobufjs/pool@https://registry.npmjs.org/@protobufjs/pool/-/pool-1.1.0.tgz. Extracting by manifest.
820 silly tarball no local data for @protobufjs/utf8@https://registry.npmjs.org/@protobufjs/utf8/-/utf8-1.1.1.tgz. Extracting by manifest.
821 silly tarball no local data for @protobufjs/float@https://registry.npmjs.org/@protobufjs/float/-/float-1.0.2.tgz. Extracting by manifest.
822 silly tarball no local data for @protobufjs/path@https://registry.npmjs.org/@protobufjs/path/-/path-1.1.2.tgz. Extracting by manifest.
823 silly tarball no local data for @supabase/phoenix@https://registry.npmjs.org/@supabase/phoenix/-/phoenix-0.4.2.tgz. Extracting by manifest.
824 silly tarball no local data for @protobufjs/inquire@https://registry.npmjs.org/@protobufjs/inquire/-/inquire-1.1.2.tgz. Extracting by manifest.
825 silly tarball no local data for @protobufjs/fetch@https://registry.npmjs.org/@protobufjs/fetch/-/fetch-1.1.1.tgz. Extracting by manifest.
826 silly tarball no local data for @protobufjs/eventemitter@https://registry.npmjs.org/@protobufjs/eventemitter/-/eventemitter-1.1.1.tgz. Extracting by manifest.
827 silly tarball no local data for @protobufjs/aspromise@https://registry.npmjs.org/@protobufjs/aspromise/-/aspromise-1.1.2.tgz. Extracting by manifest.
828 silly tarball no local data for @protobufjs/codegen@https://registry.npmjs.org/@protobufjs/codegen/-/codegen-2.0.5.tgz. Extracting by manifest.
829 silly tarball no local data for @nodelib/fs.walk@https://registry.npmjs.org/@nodelib/fs.walk/-/fs.walk-1.2.8.tgz. Extracting by manifest.
830 silly tarball no local data for @protobufjs/base64@https://registry.npmjs.org/@protobufjs/base64/-/base64-1.1.2.tgz. Extracting by manifest.
831 silly tarball no local data for @nodelib/fs.stat@https://registry.npmjs.org/@nodelib/fs.stat/-/fs.stat-2.0.5.tgz. Extracting by manifest.
832 silly tarball no local data for @nodelib/fs.scandir@https://registry.npmjs.org/@nodelib/fs.scandir/-/fs.scandir-2.1.5.tgz. Extracting by manifest.
833 silly tarball no local data for @nolyfill/is-core-module@https://registry.npmjs.org/@nolyfill/is-core-module/-/is-core-module-1.0.39.tgz. Extracting by manifest.
834 silly tarball no local data for @next/eslint-plugin-next@https://registry.npmjs.org/@next/eslint-plugin-next/-/eslint-plugin-next-16.2.6.tgz. Extracting by manifest.
835 silly tarball no local data for @jridgewell/gen-mapping@https://registry.npmjs.org/@jridgewell/gen-mapping/-/gen-mapping-0.3.13.tgz. Extracting by manifest.
836 silly tarball no local data for @next/swc-win32-x64-msvc@https://registry.npmjs.org/@next/swc-win32-x64-msvc/-/swc-win32-x64-msvc-16.2.6.tgz. Extracting by manifest.
837 silly tarball no local data for @next/env@https://registry.npmjs.org/@next/env/-/env-16.2.6.tgz. Extracting by manifest.
838 silly tarball no local data for @jridgewell/trace-mapping@https://registry.npmjs.org/@jridgewell/trace-mapping/-/trace-mapping-0.3.31.tgz. Extracting by manifest.
839 silly tarball no local data for @jridgewell/sourcemap-codec@https://registry.npmjs.org/@jridgewell/sourcemap-codec/-/sourcemap-codec-1.5.5.tgz. Extracting by manifest.
840 silly tarball no local data for @jridgewell/resolve-uri@https://registry.npmjs.org/@jridgewell/resolve-uri/-/resolve-uri-3.1.2.tgz. Extracting by manifest.
841 silly tarball no local data for @google/genai@https://registry.npmjs.org/@google/genai/-/genai-2.6.0.tgz. Extracting by manifest.
842 silly tarball no local data for @jridgewell/remapping@https://registry.npmjs.org/@jridgewell/remapping/-/remapping-2.3.5.tgz. Extracting by manifest.
843 silly tarball no local data for @img/sharp-win32-x64@https://registry.npmjs.org/@img/sharp-win32-x64/-/sharp-win32-x64-0.34.5.tgz. Extracting by manifest.
844 silly tarball no local data for @humanwhocodes/retry@https://registry.npmjs.org/@humanwhocodes/retry/-/retry-0.4.3.tgz. Extracting by manifest.
845 silly tarball no local data for @img/colour@https://registry.npmjs.org/@img/colour/-/colour-1.1.0.tgz. Extracting by manifest.
846 silly tarball no local data for @humanwhocodes/module-importer@https://registry.npmjs.org/@humanwhocodes/module-importer/-/module-importer-1.0.1.tgz. Extracting by manifest.
847 silly tarball no local data for @eslint-community/eslint-utils@https://registry.npmjs.org/@eslint-community/eslint-utils/-/eslint-utils-4.9.1.tgz. Extracting by manifest.
848 silly tarball no local data for @humanfs/types@https://registry.npmjs.org/@humanfs/types/-/types-0.15.0.tgz. Extracting by manifest.
849 silly tarball no local data for @humanfs/node@https://registry.npmjs.org/@humanfs/node/-/node-0.16.8.tgz. Extracting by manifest.
850 silly tarball no local data for @eslint/plugin-kit@https://registry.npmjs.org/@eslint/plugin-kit/-/plugin-kit-0.4.1.tgz. Extracting by manifest.
851 silly tarball no local data for @humanfs/core@https://registry.npmjs.org/@humanfs/core/-/core-0.19.2.tgz. Extracting by manifest.
852 silly tarball no local data for @eslint-community/regexpp@https://registry.npmjs.org/@eslint-community/regexpp/-/regexpp-4.12.2.tgz. Extracting by manifest.
853 silly tarball no local data for @eslint/eslintrc@https://registry.npmjs.org/@eslint/eslintrc/-/eslintrc-3.3.5.tgz. Extracting by manifest.
854 silly tarball no local data for @eslint/core@https://registry.npmjs.org/@eslint/core/-/core-0.17.0.tgz. Extracting by manifest.
855 silly tarball no local data for @eslint/js@https://registry.npmjs.org/@eslint/js/-/js-9.39.4.tgz. Extracting by manifest.
856 silly tarball no local data for @eslint/object-schema@https://registry.npmjs.org/@eslint/object-schema/-/object-schema-2.1.7.tgz. Extracting by manifest.
857 silly tarball no local data for @babel/traverse@https://registry.npmjs.org/@babel/traverse/-/traverse-7.29.7.tgz. Extracting by manifest.
858 silly tarball no local data for @eslint/config-helpers@https://registry.npmjs.org/@eslint/config-helpers/-/config-helpers-0.4.2.tgz. Extracting by manifest.
859 silly tarball no local data for @eslint/config-array@https://registry.npmjs.org/@eslint/config-array/-/config-array-0.21.2.tgz. Extracting by manifest.
860 silly tarball no local data for @alloc/quick-lru@https://registry.npmjs.org/@alloc/quick-lru/-/quick-lru-5.2.0.tgz. Extracting by manifest.
861 silly tarball no local data for @babel/types@https://registry.npmjs.org/@babel/types/-/types-7.29.7.tgz. Extracting by manifest.
862 silly tarball no local data for @babel/parser@https://registry.npmjs.org/@babel/parser/-/parser-7.29.7.tgz. Extracting by manifest.
863 silly tarball no local data for zod-validation-error@https://registry.npmjs.org/zod-validation-error/-/zod-validation-error-4.0.2.tgz. Extracting by manifest.
864 silly tarball no local data for @babel/helpers@https://registry.npmjs.org/@babel/helpers/-/helpers-7.29.7.tgz. Extracting by manifest.
865 silly tarball no local data for @babel/template@https://registry.npmjs.org/@babel/template/-/template-7.29.7.tgz. Extracting by manifest.
866 silly tarball no local data for @babel/helper-validator-option@https://registry.npmjs.org/@babel/helper-validator-option/-/helper-validator-option-7.29.7.tgz. Extracting by manifest.
867 silly tarball no local data for @babel/helper-validator-identifier@https://registry.npmjs.org/@babel/helper-validator-identifier/-/helper-validator-identifier-7.29.7.tgz. Extracting by manifest.
868 silly tarball no local data for @babel/helper-string-parser@https://registry.npmjs.org/@babel/helper-string-parser/-/helper-string-parser-7.29.7.tgz. Extracting by manifest.
869 silly tarball no local data for @babel/helper-module-transforms@https://registry.npmjs.org/@babel/helper-module-transforms/-/helper-module-transforms-7.29.7.tgz. Extracting by manifest.
870 silly tarball no local data for @babel/helper-module-imports@https://registry.npmjs.org/@babel/helper-module-imports/-/helper-module-imports-7.29.7.tgz. Extracting by manifest.
871 silly tarball no local data for @babel/helper-globals@https://registry.npmjs.org/@babel/helper-globals/-/helper-globals-7.29.7.tgz. Extracting by manifest.
872 silly tarball no local data for @babel/core@https://registry.npmjs.org/@babel/core/-/core-7.29.7.tgz. Extracting by manifest.
873 silly tarball no local data for @babel/helper-compilation-targets@https://registry.npmjs.org/@babel/helper-compilation-targets/-/helper-compilation-targets-7.29.7.tgz. Extracting by manifest.
874 silly tarball no local data for @babel/generator@https://registry.npmjs.org/@babel/generator/-/generator-7.29.7.tgz. Extracting by manifest.
875 silly tarball no local data for @babel/compat-data@https://registry.npmjs.org/@babel/compat-data/-/compat-data-7.29.7.tgz. Extracting by manifest.
876 silly tarball no local data for @babel/code-frame@https://registry.npmjs.org/@babel/code-frame/-/code-frame-7.29.7.tgz. Extracting by manifest.
877 silly tarball no local data for to-regex-range@https://registry.npmjs.org/to-regex-range/-/to-regex-range-5.0.1.tgz. Extracting by manifest.
878 silly tarball no local data for which-collection@https://registry.npmjs.org/which-collection/-/which-collection-1.0.2.tgz. Extracting by manifest.
879 silly tarball no local data for yocto-queue@https://registry.npmjs.org/yocto-queue/-/yocto-queue-0.1.0.tgz. Extracting by manifest.
880 silly tarball no local data for zod@https://registry.npmjs.org/zod/-/zod-4.4.3.tgz. Extracting by manifest.
881 silly tarball no local data for yallist@https://registry.npmjs.org/yallist/-/yallist-3.1.1.tgz. Extracting by manifest.
882 silly tarball no local data for which-builtin-type@https://registry.npmjs.org/which-builtin-type/-/which-builtin-type-1.2.1.tgz. Extracting by manifest.
883 silly tarball no local data for which@https://registry.npmjs.org/which/-/which-2.0.2.tgz. Extracting by manifest.
884 silly tarball no local data for which-typed-array@https://registry.npmjs.org/which-typed-array/-/which-typed-array-1.1.21.tgz. Extracting by manifest.
885 silly tarball no local data for which-boxed-primitive@https://registry.npmjs.org/which-boxed-primitive/-/which-boxed-primitive-1.1.1.tgz. Extracting by manifest.
886 silly tarball no local data for web-streams-polyfill@https://registry.npmjs.org/web-streams-polyfill/-/web-streams-polyfill-3.3.3.tgz. Extracting by manifest.
887 silly tarball no local data for uri-js@https://registry.npmjs.org/uri-js/-/uri-js-4.4.1.tgz. Extracting by manifest.
888 silly tarball no local data for undici-types@https://registry.npmjs.org/undici-types/-/undici-types-7.24.6.tgz. Extracting by manifest.
889 silly tarball no local data for update-browserslist-db@https://registry.npmjs.org/update-browserslist-db/-/update-browserslist-db-1.2.3.tgz. Extracting by manifest.
890 silly tarball no local data for unbox-primitive@https://registry.npmjs.org/unbox-primitive/-/unbox-primitive-1.1.0.tgz. Extracting by manifest.
891 silly tarball no local data for unrs-resolver@https://registry.npmjs.org/unrs-resolver/-/unrs-resolver-1.12.2.tgz. Extracting by manifest.
892 silly tarball no local data for typescript-eslint@https://registry.npmjs.org/typescript-eslint/-/typescript-eslint-8.60.0.tgz. Extracting by manifest.
893 silly tarball no local data for typed-array-length@https://registry.npmjs.org/typed-array-length/-/typed-array-length-1.0.7.tgz. Extracting by manifest.
894 silly tarball no local data for typed-array-byte-offset@https://registry.npmjs.org/typed-array-byte-offset/-/typed-array-byte-offset-1.0.4.tgz. Extracting by manifest.
895 silly tarball no local data for typescript@https://registry.npmjs.org/typescript/-/typescript-6.0.3.tgz. Extracting by manifest.
896 silly tarball no local data for typed-array-byte-length@https://registry.npmjs.org/typed-array-byte-length/-/typed-array-byte-length-1.0.3.tgz. Extracting by manifest.
897 silly tarball no local data for typed-array-buffer@https://registry.npmjs.org/typed-array-buffer/-/typed-array-buffer-1.0.3.tgz. Extracting by manifest.
898 silly tarball no local data for type-check@https://registry.npmjs.org/type-check/-/type-check-0.4.0.tgz. Extracting by manifest.
899 silly tarball no local data for tslib@https://registry.npmjs.org/tslib/-/tslib-2.8.1.tgz. Extracting by manifest.
900 silly tarball no local data for ts-api-utils@https://registry.npmjs.org/ts-api-utils/-/ts-api-utils-2.5.0.tgz. Extracting by manifest.
901 silly tarball no local data for word-wrap@https://registry.npmjs.org/word-wrap/-/word-wrap-1.2.5.tgz. Extracting by manifest.
902 silly tarball no local data for tsconfig-paths@https://registry.npmjs.org/tsconfig-paths/-/tsconfig-paths-3.15.0.tgz. Extracting by manifest.
903 silly tarball no local data for tinyglobby@https://registry.npmjs.org/tinyglobby/-/tinyglobby-0.2.16.tgz. Extracting by manifest.
904 silly tarball no local data for ws@https://registry.npmjs.org/ws/-/ws-8.21.0.tgz. Extracting by manifest.
905 silly tarball no local data for tapable@https://registry.npmjs.org/tapable/-/tapable-2.3.3.tgz. Extracting by manifest.
906 silly tarball no local data for string.prototype.trimstart@https://registry.npmjs.org/string.prototype.trimstart/-/string.prototype.trimstart-1.0.8.tgz. Extracting by manifest.
907 silly tarball no local data for supports-preserve-symlinks-flag@https://registry.npmjs.org/supports-preserve-symlinks-flag/-/supports-preserve-symlinks-flag-1.0.0.tgz. Extracting by manifest.
908 silly tarball no local data for tailwindcss@https://registry.npmjs.org/tailwindcss/-/tailwindcss-4.3.0.tgz. Extracting by manifest.
909 silly tarball no local data for string.prototype.repeat@https://registry.npmjs.org/string.prototype.repeat/-/string.prototype.repeat-1.0.0.tgz. Extracting by manifest.
910 silly tarball no local data for strip-bom@https://registry.npmjs.org/strip-bom/-/strip-bom-3.0.0.tgz. Extracting by manifest.
911 silly tarball no local data for strip-json-comments@https://registry.npmjs.org/strip-json-comments/-/strip-json-comments-3.1.1.tgz. Extracting by manifest.
912 silly tarball no local data for string.prototype.trimend@https://registry.npmjs.org/string.prototype.trimend/-/string.prototype.trimend-1.0.9.tgz. Extracting by manifest.
913 silly tarball no local data for side-channel@https://registry.npmjs.org/side-channel/-/side-channel-1.1.0.tgz. Extracting by manifest.
914 silly tarball no local data for string.prototype.trim@https://registry.npmjs.org/string.prototype.trim/-/string.prototype.trim-1.2.10.tgz. Extracting by manifest.
915 silly tarball no local data for string.prototype.includes@https://registry.npmjs.org/string.prototype.includes/-/string.prototype.includes-2.0.1.tgz. Extracting by manifest.
916 silly tarball no local data for side-channel-weakmap@https://registry.npmjs.org/side-channel-weakmap/-/side-channel-weakmap-1.0.2.tgz. Extracting by manifest.
917 silly tarball no local data for stop-iteration-iterator@https://registry.npmjs.org/stop-iteration-iterator/-/stop-iteration-iterator-1.1.0.tgz. Extracting by manifest.
918 silly tarball no local data for safe-push-apply@https://registry.npmjs.org/safe-push-apply/-/safe-push-apply-1.0.0.tgz. Extracting by manifest.
919 silly tarball no local data for source-map-js@https://registry.npmjs.org/source-map-js/-/source-map-js-1.2.1.tgz. Extracting by manifest.
920 silly tarball no local data for side-channel-map@https://registry.npmjs.org/side-channel-map/-/side-channel-map-1.0.1.tgz. Extracting by manifest.
921 silly tarball no local data for side-channel-list@https://registry.npmjs.org/side-channel-list/-/side-channel-list-1.0.1.tgz. Extracting by manifest.
922 silly tarball no local data for stable-hash@https://registry.npmjs.org/stable-hash/-/stable-hash-0.0.5.tgz. Extracting by manifest.
923 silly tarball no local data for supports-color@https://registry.npmjs.org/supports-color/-/supports-color-7.2.0.tgz. Extracting by manifest.
924 silly tarball no local data for shebang-command@https://registry.npmjs.org/shebang-command/-/shebang-command-2.0.0.tgz. Extracting by manifest.
925 silly tarball no local data for shebang-regex@https://registry.npmjs.org/shebang-regex/-/shebang-regex-3.0.0.tgz. Extracting by manifest.
926 silly tarball no local data for string.prototype.matchall@https://registry.npmjs.org/string.prototype.matchall/-/string.prototype.matchall-4.0.12.tgz. Extracting by manifest.
927 silly tarball no local data for set-proto@https://registry.npmjs.org/set-proto/-/set-proto-1.0.0.tgz. Extracting by manifest.
928 silly tarball no local data for set-function-name@https://registry.npmjs.org/set-function-name/-/set-function-name-2.0.2.tgz. Extracting by manifest.
929 silly tarball no local data for set-function-length@https://registry.npmjs.org/set-function-length/-/set-function-length-1.2.2.tgz. Extracting by manifest.
930 silly tarball no local data for sharp@https://registry.npmjs.org/sharp/-/sharp-0.34.5.tgz. Extracting by manifest.
931 silly tarball no local data for scheduler@https://registry.npmjs.org/scheduler/-/scheduler-0.27.0.tgz. Extracting by manifest.
932 silly tarball no local data for styled-jsx@https://registry.npmjs.org/styled-jsx/-/styled-jsx-5.1.6.tgz. Extracting by manifest.
933 silly tarball no local data for semver@https://registry.npmjs.org/semver/-/semver-6.3.1.tgz. Extracting by manifest.
934 silly tarball no local data for safe-array-concat@https://registry.npmjs.org/safe-array-concat/-/safe-array-concat-1.1.4.tgz. Extracting by manifest.
935 silly tarball no local data for safe-regex-test@https://registry.npmjs.org/safe-regex-test/-/safe-regex-test-1.1.0.tgz. Extracting by manifest.
936 silly tarball no local data for run-parallel@https://registry.npmjs.org/run-parallel/-/run-parallel-1.2.0.tgz. Extracting by manifest.
937 silly tarball no local data for safe-buffer@https://registry.npmjs.org/safe-buffer/-/safe-buffer-5.2.1.tgz. Extracting by manifest.
938 silly tarball no local data for reusify@https://registry.npmjs.org/reusify/-/reusify-1.1.0.tgz. Extracting by manifest.
939 silly tarball no local data for retry@https://registry.npmjs.org/retry/-/retry-0.13.1.tgz. Extracting by manifest.
940 silly tarball no local data for resolve-from@https://registry.npmjs.org/resolve-from/-/resolve-from-4.0.0.tgz. Extracting by manifest.
941 silly tarball no local data for own-keys@https://registry.npmjs.org/own-keys/-/own-keys-1.0.1.tgz. Extracting by manifest.
942 silly tarball no local data for resolve@https://registry.npmjs.org/resolve/-/resolve-2.0.0-next.7.tgz. Extracting by manifest.
943 silly tarball no local data for regexp.prototype.flags@https://registry.npmjs.org/regexp.prototype.flags/-/regexp.prototype.flags-1.5.4.tgz. Extracting by manifest.
944 silly tarball no local data for reflect.getprototypeof@https://registry.npmjs.org/reflect.getprototypeof/-/reflect.getprototypeof-1.0.10.tgz. Extracting by manifest.
945 silly tarball no local data for react-is@https://registry.npmjs.org/react-is/-/react-is-16.13.1.tgz. Extracting by manifest.
946 silly tarball no local data for react@https://registry.npmjs.org/react/-/react-19.2.4.tgz. Extracting by manifest.
947 silly tarball no local data for react-dom@https://registry.npmjs.org/react-dom/-/react-dom-19.2.4.tgz. Extracting by manifest.
948 silly tarball no local data for queue-microtask@https://registry.npmjs.org/queue-microtask/-/queue-microtask-1.2.3.tgz. Extracting by manifest.
949 silly tarball no local data for protobufjs@https://registry.npmjs.org/protobufjs/-/protobufjs-7.6.1.tgz. Extracting by manifest.
950 silly tarball no local data for punycode@https://registry.npmjs.org/punycode/-/punycode-2.3.1.tgz. Extracting by manifest.
951 silly tarball no local data for prelude-ls@https://registry.npmjs.org/prelude-ls/-/prelude-ls-1.2.1.tgz. Extracting by manifest.
952 silly tarball no local data for possible-typed-array-names@https://registry.npmjs.org/possible-typed-array-names/-/possible-typed-array-names-1.1.0.tgz. Extracting by manifest.
953 silly tarball no local data for prop-types@https://registry.npmjs.org/prop-types/-/prop-types-15.8.1.tgz. Extracting by manifest.
954 silly tarball no local data for picocolors@https://registry.npmjs.org/picocolors/-/picocolors-1.1.1.tgz. Extracting by manifest.
955 silly tarball no local data for postcss@https://registry.npmjs.org/postcss/-/postcss-8.5.15.tgz. Extracting by manifest.
956 silly tarball no local data for path-parse@https://registry.npmjs.org/path-parse/-/path-parse-1.0.7.tgz. Extracting by manifest.
957 silly tarball no local data for path-exists@https://registry.npmjs.org/path-exists/-/path-exists-4.0.0.tgz. Extracting by manifest.
958 silly tarball no local data for path-key@https://registry.npmjs.org/path-key/-/path-key-3.1.1.tgz. Extracting by manifest.
959 silly tarball no local data for p-retry@https://registry.npmjs.org/p-retry/-/p-retry-4.6.2.tgz. Extracting by manifest.
960 silly tarball no local data for p-limit@https://registry.npmjs.org/p-limit/-/p-limit-3.1.0.tgz. Extracting by manifest.
961 silly tarball no local data for p-locate@https://registry.npmjs.org/p-locate/-/p-locate-5.0.0.tgz. Extracting by manifest.
962 silly tarball no local data for optionator@https://registry.npmjs.org/optionator/-/optionator-0.9.4.tgz. Extracting by manifest.
963 silly tarball no local data for parent-module@https://registry.npmjs.org/parent-module/-/parent-module-1.0.1.tgz. Extracting by manifest.
964 silly tarball no local data for object.values@https://registry.npmjs.org/object.values/-/object.values-1.2.1.tgz. Extracting by manifest.
965 silly tarball no local data for object.groupby@https://registry.npmjs.org/object.groupby/-/object.groupby-1.0.3.tgz. Extracting by manifest.
966 silly tarball no local data for object-keys@https://registry.npmjs.org/object-keys/-/object-keys-1.1.1.tgz. Extracting by manifest.
967 silly tarball no local data for object.fromentries@https://registry.npmjs.org/object.fromentries/-/object.fromentries-2.0.8.tgz. Extracting by manifest.
968 silly tarball no local data for object.assign@https://registry.npmjs.org/object.assign/-/object.assign-4.1.7.tgz. Extracting by manifest.
969 silly tarball no local data for object.entries@https://registry.npmjs.org/object.entries/-/object.entries-1.1.9.tgz. Extracting by manifest.
970 silly tarball no local data for object-inspect@https://registry.npmjs.org/object-inspect/-/object-inspect-1.13.4.tgz. Extracting by manifest.
971 silly tarball no local data for node-domexception@https://registry.npmjs.org/node-domexception/-/node-domexception-1.0.0.tgz. Extracting by manifest.
972 silly tarball no local data for node-exports-info@https://registry.npmjs.org/node-exports-info/-/node-exports-info-1.6.0.tgz. Extracting by manifest.
973 silly tarball no local data for node-releases@https://registry.npmjs.org/node-releases/-/node-releases-2.0.46.tgz. Extracting by manifest.
974 silly tarball no local data for object-assign@https://registry.npmjs.org/object-assign/-/object-assign-4.1.1.tgz. Extracting by manifest.
975 silly tarball no local data for node-fetch@https://registry.npmjs.org/node-fetch/-/node-fetch-3.3.2.tgz. Extracting by manifest.
976 silly tarball no local data for natural-compare@https://registry.npmjs.org/natural-compare/-/natural-compare-1.4.0.tgz. Extracting by manifest.
977 silly tarball no local data for nanoid@https://registry.npmjs.org/nanoid/-/nanoid-3.3.12.tgz. Extracting by manifest.
978 silly tarball no local data for next@https://registry.npmjs.org/next/-/next-16.2.6.tgz. Extracting by manifest.
979 silly tarball no local data for ms@https://registry.npmjs.org/ms/-/ms-2.1.3.tgz. Extracting by manifest.
980 silly tarball no local data for minimatch@https://registry.npmjs.org/minimatch/-/minimatch-3.1.5.tgz. Extracting by manifest.
981 silly tarball no local data for napi-postinstall@https://registry.npmjs.org/napi-postinstall/-/napi-postinstall-0.3.4.tgz. Extracting by manifest.
982 silly tarball no local data for picomatch@https://registry.npmjs.org/picomatch/-/picomatch-2.3.2.tgz. Extracting by manifest.
983 silly tarball no local data for micromatch@https://registry.npmjs.org/micromatch/-/micromatch-4.0.8.tgz. Extracting by manifest.
984 silly tarball no local data for merge2@https://registry.npmjs.org/merge2/-/merge2-1.4.1.tgz. Extracting by manifest.
985 silly tarball no local data for math-intrinsics@https://registry.npmjs.org/math-intrinsics/-/math-intrinsics-1.1.0.tgz. Extracting by manifest.
986 silly tarball no local data for long@https://registry.npmjs.org/long/-/long-5.3.2.tgz. Extracting by manifest.
987 silly tarball no local data for loose-envify@https://registry.npmjs.org/loose-envify/-/loose-envify-1.4.0.tgz. Extracting by manifest.
988 silly tarball no local data for lodash.merge@https://registry.npmjs.org/lodash.merge/-/lodash.merge-4.6.2.tgz. Extracting by manifest.
989 silly tarball no local data for locate-path@https://registry.npmjs.org/locate-path/-/locate-path-6.0.0.tgz. Extracting by manifest.
990 silly tarball no local data for lru-cache@https://registry.npmjs.org/lru-cache/-/lru-cache-5.1.1.tgz. Extracting by manifest.
991 silly tarball no local data for magic-string@https://registry.npmjs.org/magic-string/-/magic-string-0.30.21.tgz. Extracting by manifest.
992 silly tarball no local data for lightningcss-win32-x64-msvc@https://registry.npmjs.org/lightningcss-win32-x64-msvc/-/lightningcss-win32-x64-msvc-1.32.0.tgz. Extracting by manifest.
993 silly tarball no local data for language-tags@https://registry.npmjs.org/language-tags/-/language-tags-1.0.9.tgz. Extracting by manifest.
994 silly tarball no local data for keyv@https://registry.npmjs.org/keyv/-/keyv-4.5.4.tgz. Extracting by manifest.
995 silly tarball no local data for lightningcss@https://registry.npmjs.org/lightningcss/-/lightningcss-1.32.0.tgz. Extracting by manifest.
996 silly tarball no local data for levn@https://registry.npmjs.org/levn/-/levn-0.4.1.tgz. Extracting by manifest.
997 silly tarball no local data for language-subtag-registry@https://registry.npmjs.org/language-subtag-registry/-/language-subtag-registry-0.3.23.tgz. Extracting by manifest.
998 silly tarball no local data for jws@https://registry.npmjs.org/jws/-/jws-4.0.1.tgz. Extracting by manifest.
999 silly tarball no local data for jsx-ast-utils@https://registry.npmjs.org/jsx-ast-utils/-/jsx-ast-utils-3.3.5.tgz. Extracting by manifest.
1000 silly tarball no local data for json-stable-stringify-without-jsonify@https://registry.npmjs.org/json-stable-stringify-without-jsonify/-/json-stable-stringify-without-jsonify-1.0.1.tgz. Extracting by manifest.
1001 silly tarball no local data for json5@https://registry.npmjs.org/json5/-/json5-2.2.3.tgz. Extracting by manifest.
1002 silly tarball no local data for json-schema-traverse@https://registry.npmjs.org/json-schema-traverse/-/json-schema-traverse-0.4.1.tgz. Extracting by manifest.
1003 silly tarball no local data for json-buffer@https://registry.npmjs.org/json-buffer/-/json-buffer-3.0.1.tgz. Extracting by manifest.
1004 silly tarball no local data for jwa@https://registry.npmjs.org/jwa/-/jwa-2.0.1.tgz. Extracting by manifest.
1005 silly tarball no local data for json-bigint@https://registry.npmjs.org/json-bigint/-/json-bigint-1.0.0.tgz. Extracting by manifest.
1006 silly tarball no local data for js-tokens@https://registry.npmjs.org/js-tokens/-/js-tokens-4.0.0.tgz. Extracting by manifest.
1007 silly tarball no local data for js-yaml@https://registry.npmjs.org/js-yaml/-/js-yaml-4.1.1.tgz. Extracting by manifest.
1008 silly tarball no local data for jsesc@https://registry.npmjs.org/jsesc/-/jsesc-3.1.0.tgz. Extracting by manifest.
1009 silly tarball no local data for jiti@https://registry.npmjs.org/jiti/-/jiti-2.7.0.tgz. Extracting by manifest.
1010 silly tarball no local data for iterator.prototype@https://registry.npmjs.org/iterator.prototype/-/iterator.prototype-1.1.5.tgz. Extracting by manifest.
1011 silly tarball no local data for isexe@https://registry.npmjs.org/isexe/-/isexe-2.0.0.tgz. Extracting by manifest.
1012 silly tarball no local data for resolve-pkg-maps@https://registry.npmjs.org/resolve-pkg-maps/-/resolve-pkg-maps-1.0.0.tgz. Extracting by manifest.
1013 silly tarball no local data for is-weakref@https://registry.npmjs.org/is-weakref/-/is-weakref-1.1.1.tgz. Extracting by manifest.
1014 silly tarball no local data for is-weakset@https://registry.npmjs.org/is-weakset/-/is-weakset-2.0.4.tgz. Extracting by manifest.
1015 silly tarball no local data for is-typed-array@https://registry.npmjs.org/is-typed-array/-/is-typed-array-1.1.15.tgz. Extracting by manifest.
1016 silly tarball no local data for isarray@https://registry.npmjs.org/isarray/-/isarray-2.0.5.tgz. Extracting by manifest.
1017 silly tarball no local data for is-symbol@https://registry.npmjs.org/is-symbol/-/is-symbol-1.1.1.tgz. Extracting by manifest.
1018 silly tarball no local data for is-weakmap@https://registry.npmjs.org/is-weakmap/-/is-weakmap-2.0.2.tgz. Extracting by manifest.
1019 silly tarball no local data for is-shared-array-buffer@https://registry.npmjs.org/is-shared-array-buffer/-/is-shared-array-buffer-1.0.4.tgz. Extracting by manifest.
1020 silly tarball no local data for is-string@https://registry.npmjs.org/is-string/-/is-string-1.1.1.tgz. Extracting by manifest.
1021 silly tarball no local data for is-set@https://registry.npmjs.org/is-set/-/is-set-2.0.3.tgz. Extracting by manifest.
1022 silly tarball no local data for is-regex@https://registry.npmjs.org/is-regex/-/is-regex-1.2.1.tgz. Extracting by manifest.
1023 silly tarball no local data for is-negative-zero@https://registry.npmjs.org/is-negative-zero/-/is-negative-zero-2.0.3.tgz. Extracting by manifest.
1024 silly tarball no local data for is-number-object@https://registry.npmjs.org/is-number-object/-/is-number-object-1.1.1.tgz. Extracting by manifest.
1025 silly tarball no local data for is-glob@https://registry.npmjs.org/is-glob/-/is-glob-4.0.3.tgz. Extracting by manifest.
1026 silly tarball no local data for is-map@https://registry.npmjs.org/is-map/-/is-map-2.0.3.tgz. Extracting by manifest.
1027 silly tarball no local data for is-generator-function@https://registry.npmjs.org/is-generator-function/-/is-generator-function-1.1.2.tgz. Extracting by manifest.
1028 silly tarball no local data for is-finalizationregistry@https://registry.npmjs.org/is-finalizationregistry/-/is-finalizationregistry-1.1.1.tgz. Extracting by manifest.
1029 silly tarball no local data for is-extglob@https://registry.npmjs.org/is-extglob/-/is-extglob-2.1.1.tgz. Extracting by manifest.
1030 silly tarball no local data for is-date-object@https://registry.npmjs.org/is-date-object/-/is-date-object-1.1.0.tgz. Extracting by manifest.
1031 silly tarball no local data for has-symbols@https://registry.npmjs.org/has-symbols/-/has-symbols-1.1.0.tgz. Extracting by manifest.
1032 silly tarball no local data for is-data-view@https://registry.npmjs.org/is-data-view/-/is-data-view-1.0.2.tgz. Extracting by manifest.
1033 silly tarball no local data for is-core-module@https://registry.npmjs.org/is-core-module/-/is-core-module-2.16.2.tgz. Extracting by manifest.
1034 silly tarball no local data for is-bigint@https://registry.npmjs.org/is-bigint/-/is-bigint-1.1.0.tgz. Extracting by manifest.
1035 silly tarball no local data for is-callable@https://registry.npmjs.org/is-callable/-/is-callable-1.2.7.tgz. Extracting by manifest.
1036 silly tarball no local data for is-bun-module@https://registry.npmjs.org/is-bun-module/-/is-bun-module-2.0.0.tgz. Extracting by manifest.
1037 silly tarball no local data for is-async-function@https://registry.npmjs.org/is-async-function/-/is-async-function-2.1.1.tgz. Extracting by manifest.
1038 silly tarball no local data for is-boolean-object@https://registry.npmjs.org/is-boolean-object/-/is-boolean-object-1.2.2.tgz. Extracting by manifest.
1039 silly tarball no local data for is-array-buffer@https://registry.npmjs.org/is-array-buffer/-/is-array-buffer-3.0.5.tgz. Extracting by manifest.
1040 silly tarball no local data for internal-slot@https://registry.npmjs.org/internal-slot/-/internal-slot-1.1.0.tgz. Extracting by manifest.
1041 silly tarball no local data for import-fresh@https://registry.npmjs.org/import-fresh/-/import-fresh-3.3.1.tgz. Extracting by manifest.
1042 silly tarball no local data for imurmurhash@https://registry.npmjs.org/imurmurhash/-/imurmurhash-0.1.4.tgz. Extracting by manifest.
1043 silly tarball no local data for ignore@https://registry.npmjs.org/ignore/-/ignore-5.3.2.tgz. Extracting by manifest.
1044 silly tarball no local data for iceberg-js@https://registry.npmjs.org/iceberg-js/-/iceberg-js-0.8.1.tgz. Extracting by manifest.
1045 silly tarball no local data for hermes-estree@https://registry.npmjs.org/hermes-estree/-/hermes-estree-0.25.1.tgz. Extracting by manifest.
1046 silly tarball no local data for https-proxy-agent@https://registry.npmjs.org/https-proxy-agent/-/https-proxy-agent-7.0.6.tgz. Extracting by manifest.
1047 silly tarball no local data for hermes-parser@https://registry.npmjs.org/hermes-parser/-/hermes-parser-0.25.1.tgz. Extracting by manifest.
1048 silly tarball no local data for hasown@https://registry.npmjs.org/hasown/-/hasown-2.0.3.tgz. Extracting by manifest.
1049 silly tarball no local data for has-tostringtag@https://registry.npmjs.org/has-tostringtag/-/has-tostringtag-1.0.2.tgz. Extracting by manifest.
1050 silly tarball no local data for gaxios@https://registry.npmjs.org/gaxios/-/gaxios-7.1.4.tgz. Extracting by manifest.
1051 silly tarball no local data for has-flag@https://registry.npmjs.org/has-flag/-/has-flag-4.0.0.tgz. Extracting by manifest.
1052 silly tarball no local data for has-proto@https://registry.npmjs.org/has-proto/-/has-proto-1.2.0.tgz. Extracting by manifest.
1053 silly tarball no local data for has-bigints@https://registry.npmjs.org/has-bigints/-/has-bigints-1.1.0.tgz. Extracting by manifest.
1054 silly tarball no local data for gopd@https://registry.npmjs.org/gopd/-/gopd-1.2.0.tgz. Extracting by manifest.
1055 silly tarball no local data for get-proto@https://registry.npmjs.org/get-proto/-/get-proto-1.0.1.tgz. Extracting by manifest.
1056 silly tarball no local data for graceful-fs@https://registry.npmjs.org/graceful-fs/-/graceful-fs-4.2.11.tgz. Extracting by manifest.
1057 silly tarball no local data for google-logging-utils@https://registry.npmjs.org/google-logging-utils/-/google-logging-utils-1.1.3.tgz. Extracting by manifest.
1058 silly tarball no local data for google-auth-library@https://registry.npmjs.org/google-auth-library/-/google-auth-library-10.6.2.tgz. Extracting by manifest.
1059 silly tarball no local data for globalthis@https://registry.npmjs.org/globalthis/-/globalthis-1.0.4.tgz. Extracting by manifest.
1060 silly tarball no local data for is-number@https://registry.npmjs.org/is-number/-/is-number-7.0.0.tgz. Extracting by manifest.
1061 silly tarball no local data for glob-parent@https://registry.npmjs.org/glob-parent/-/glob-parent-6.0.2.tgz. Extracting by manifest.
1062 silly tarball no local data for get-symbol-description@https://registry.npmjs.org/get-symbol-description/-/get-symbol-description-1.1.0.tgz. Extracting by manifest.
1063 silly tarball no local data for get-tsconfig@https://registry.npmjs.org/get-tsconfig/-/get-tsconfig-4.14.0.tgz. Extracting by manifest.
1064 silly tarball no local data for globals@https://registry.npmjs.org/globals/-/globals-14.0.0.tgz. Extracting by manifest.
1065 silly tarball no local data for generator-function@https://registry.npmjs.org/generator-function/-/generator-function-2.0.1.tgz. Extracting by manifest.
1066 silly tarball no local data for get-intrinsic@https://registry.npmjs.org/get-intrinsic/-/get-intrinsic-1.3.0.tgz. Extracting by manifest.
1067 silly tarball no local data for gcp-metadata@https://registry.npmjs.org/gcp-metadata/-/gcp-metadata-8.1.2.tgz. Extracting by manifest.
1068 silly tarball no local data for gensync@https://registry.npmjs.org/gensync/-/gensync-1.0.0-beta.2.tgz. Extracting by manifest.
1069 silly tarball no local data for has-property-descriptors@https://registry.npmjs.org/has-property-descriptors/-/has-property-descriptors-1.0.2.tgz. Extracting by manifest.
1070 silly tarball no local data for function.prototype.name@https://registry.npmjs.org/function.prototype.name/-/function.prototype.name-1.1.8.tgz. Extracting by manifest.
1071 silly tarball no local data for formdata-polyfill@https://registry.npmjs.org/formdata-polyfill/-/formdata-polyfill-4.0.10.tgz. Extracting by manifest.
1072 silly tarball no local data for fetch-blob@https://registry.npmjs.org/fetch-blob/-/fetch-blob-3.2.0.tgz. Extracting by manifest.
1073 silly tarball no local data for flatted@https://registry.npmjs.org/flatted/-/flatted-3.4.2.tgz. Extracting by manifest.
1074 silly tarball no local data for find-up@https://registry.npmjs.org/find-up/-/find-up-5.0.0.tgz. Extracting by manifest.
1075 silly tarball no local data for file-entry-cache@https://registry.npmjs.org/file-entry-cache/-/file-entry-cache-8.0.0.tgz. Extracting by manifest.
1076 silly tarball no local data for function-bind@https://registry.npmjs.org/function-bind/-/function-bind-1.1.2.tgz. Extracting by manifest.
1077 silly tarball no local data for for-each@https://registry.npmjs.org/for-each/-/for-each-0.3.5.tgz. Extracting by manifest.
1078 silly tarball no local data for fill-range@https://registry.npmjs.org/fill-range/-/fill-range-7.1.1.tgz. Extracting by manifest.
1079 silly tarball no local data for fastq@https://registry.npmjs.org/fastq/-/fastq-1.20.1.tgz. Extracting by manifest.
1080 silly tarball no local data for flat-cache@https://registry.npmjs.org/flat-cache/-/flat-cache-4.0.1.tgz. Extracting by manifest.
1081 silly tarball no local data for fast-json-stable-stringify@https://registry.npmjs.org/fast-json-stable-stringify/-/fast-json-stable-stringify-2.1.0.tgz. Extracting by manifest.
1082 silly tarball no local data for fast-deep-equal@https://registry.npmjs.org/fast-deep-equal/-/fast-deep-equal-3.1.3.tgz. Extracting by manifest.
1083 silly tarball no local data for functions-have-names@https://registry.npmjs.org/functions-have-names/-/functions-have-names-1.2.3.tgz. Extracting by manifest.
1084 silly tarball no local data for esutils@https://registry.npmjs.org/esutils/-/esutils-2.0.3.tgz. Extracting by manifest.
1085 silly tarball no local data for estraverse@https://registry.npmjs.org/estraverse/-/estraverse-5.3.0.tgz. Extracting by manifest.
1086 silly tarball no local data for extend@https://registry.npmjs.org/extend/-/extend-3.0.2.tgz. Extracting by manifest.
1087 silly tarball no local data for minimist@https://registry.npmjs.org/minimist/-/minimist-1.2.8.tgz. Extracting by manifest.
1088 silly tarball no local data for fast-glob@https://registry.npmjs.org/fast-glob/-/fast-glob-3.3.1.tgz. Extracting by manifest.
1089 silly tarball no local data for esrecurse@https://registry.npmjs.org/esrecurse/-/esrecurse-4.3.0.tgz. Extracting by manifest.
1090 silly tarball no local data for eslint-visitor-keys@https://registry.npmjs.org/eslint-visitor-keys/-/eslint-visitor-keys-4.2.1.tgz. Extracting by manifest.
1091 silly tarball no local data for esquery@https://registry.npmjs.org/esquery/-/esquery-1.7.0.tgz. Extracting by manifest.
1092 silly tarball no local data for enhanced-resolve@https://registry.npmjs.org/enhanced-resolve/-/enhanced-resolve-5.22.0.tgz. Extracting by manifest.
1093 silly tarball no local data for eslint-plugin-react-hooks@https://registry.npmjs.org/eslint-plugin-react-hooks/-/eslint-plugin-react-hooks-7.1.1.tgz. Extracting by manifest.
1094 silly tarball no local data for eslint-plugin-react@https://registry.npmjs.org/eslint-plugin-react/-/eslint-plugin-react-7.37.5.tgz. Extracting by manifest.
1095 silly tarball no local data for eslint-scope@https://registry.npmjs.org/eslint-scope/-/eslint-scope-8.4.0.tgz. Extracting by manifest.
1096 silly tarball no local data for espree@https://registry.npmjs.org/espree/-/espree-10.4.0.tgz. Extracting by manifest.
1097 silly tarball no local data for eslint-plugin-jsx-a11y@https://registry.npmjs.org/eslint-plugin-jsx-a11y/-/eslint-plugin-jsx-a11y-6.10.2.tgz. Extracting by manifest.
1098 silly tarball no local data for eslint-plugin-import@https://registry.npmjs.org/eslint-plugin-import/-/eslint-plugin-import-2.32.0.tgz. Extracting by manifest.
1099 silly tarball no local data for eslint-import-resolver-typescript@https://registry.npmjs.org/eslint-import-resolver-typescript/-/eslint-import-resolver-typescript-3.10.1.tgz. Extracting by manifest.
1100 silly tarball no local data for eslint-module-utils@https://registry.npmjs.org/eslint-module-utils/-/eslint-module-utils-2.12.1.tgz. Extracting by manifest.
1101 silly tarball no local data for eslint@https://registry.npmjs.org/eslint/-/eslint-9.39.4.tgz. Extracting by manifest.
1102 silly tarball no local data for eslint-config-next@https://registry.npmjs.org/eslint-config-next/-/eslint-config-next-16.2.6.tgz. Extracting by manifest.
1103 silly tarball no local data for eslint-import-resolver-node@https://registry.npmjs.org/eslint-import-resolver-node/-/eslint-import-resolver-node-0.3.10.tgz. Extracting by manifest.
1104 silly tarball no local data for escape-string-regexp@https://registry.npmjs.org/escape-string-regexp/-/escape-string-regexp-4.0.0.tgz. Extracting by manifest.
1105 silly tarball no local data for escalade@https://registry.npmjs.org/escalade/-/escalade-3.2.0.tgz. Extracting by manifest.
1106 silly tarball no local data for es-to-primitive@https://registry.npmjs.org/es-to-primitive/-/es-to-primitive-1.3.0.tgz. Extracting by manifest.
1107 silly tarball no local data for es-set-tostringtag@https://registry.npmjs.org/es-set-tostringtag/-/es-set-tostringtag-2.1.0.tgz. Extracting by manifest.
1108 silly tarball no local data for es-object-atoms@https://registry.npmjs.org/es-object-atoms/-/es-object-atoms-1.1.2.tgz. Extracting by manifest.
1109 silly tarball no local data for es-iterator-helpers@https://registry.npmjs.org/es-iterator-helpers/-/es-iterator-helpers-1.3.2.tgz. Extracting by manifest.
1110 silly tarball no local data for es-errors@https://registry.npmjs.org/es-errors/-/es-errors-1.3.0.tgz. Extracting by manifest.
1111 silly tarball no local data for es-define-property@https://registry.npmjs.org/es-define-property/-/es-define-property-1.0.1.tgz. Extracting by manifest.
1112 silly tarball no local data for fast-levenshtein@https://registry.npmjs.org/fast-levenshtein/-/fast-levenshtein-2.0.6.tgz. Extracting by manifest.
1113 silly tarball no local data for es-shim-unscopables@https://registry.npmjs.org/es-shim-unscopables/-/es-shim-unscopables-1.1.0.tgz. Extracting by manifest.
1114 silly tarball no local data for es-abstract@https://registry.npmjs.org/es-abstract/-/es-abstract-1.24.2.tgz. Extracting by manifest.
1115 silly tarball no local data for emoji-regex@https://registry.npmjs.org/emoji-regex/-/emoji-regex-9.2.2.tgz. Extracting by manifest.
1116 silly tarball no local data for dunder-proto@https://registry.npmjs.org/dunder-proto/-/dunder-proto-1.0.1.tgz. Extracting by manifest.
1117 silly tarball no local data for electron-to-chromium@https://registry.npmjs.org/electron-to-chromium/-/electron-to-chromium-1.5.362.tgz. Extracting by manifest.
1118 silly tarball no local data for ecdsa-sig-formatter@https://registry.npmjs.org/ecdsa-sig-formatter/-/ecdsa-sig-formatter-1.0.11.tgz. Extracting by manifest.
1119 silly tarball no local data for deep-is@https://registry.npmjs.org/deep-is/-/deep-is-0.1.4.tgz. Extracting by manifest.
1120 silly tarball no local data for define-properties@https://registry.npmjs.org/define-properties/-/define-properties-1.2.1.tgz. Extracting by manifest.
1121 silly tarball no local data for doctrine@https://registry.npmjs.org/doctrine/-/doctrine-2.1.0.tgz. Extracting by manifest.
1122 silly tarball no local data for detect-libc@https://registry.npmjs.org/detect-libc/-/detect-libc-2.1.2.tgz. Extracting by manifest.
1123 silly tarball no local data for debug@https://registry.npmjs.org/debug/-/debug-4.4.3.tgz. Extracting by manifest.
1124 silly tarball no local data for define-data-property@https://registry.npmjs.org/define-data-property/-/define-data-property-1.1.4.tgz. Extracting by manifest.
1125 silly tarball no local data for data-view-byte-offset@https://registry.npmjs.org/data-view-byte-offset/-/data-view-byte-offset-1.0.1.tgz. Extracting by manifest.
1126 silly tarball no local data for data-view-byte-length@https://registry.npmjs.org/data-view-byte-length/-/data-view-byte-length-1.0.2.tgz. Extracting by manifest.
1127 silly tarball no local data for data-view-buffer@https://registry.npmjs.org/data-view-buffer/-/data-view-buffer-1.0.2.tgz. Extracting by manifest.
1128 silly tarball no local data for data-uri-to-buffer@https://registry.npmjs.org/data-uri-to-buffer/-/data-uri-to-buffer-4.0.1.tgz. Extracting by manifest.
1129 silly tarball no local data for damerau-levenshtein@https://registry.npmjs.org/damerau-levenshtein/-/damerau-levenshtein-1.0.8.tgz. Extracting by manifest.
1130 silly tarball no local data for convert-source-map@https://registry.npmjs.org/convert-source-map/-/convert-source-map-2.0.0.tgz. Extracting by manifest.
1131 silly tarball no local data for concat-map@https://registry.npmjs.org/concat-map/-/concat-map-0.0.1.tgz. Extracting by manifest.
1132 silly tarball no local data for cross-spawn@https://registry.npmjs.org/cross-spawn/-/cross-spawn-7.0.6.tgz. Extracting by manifest.
1133 silly tarball no local data for color-convert@https://registry.npmjs.org/color-convert/-/color-convert-2.0.1.tgz. Extracting by manifest.
1134 silly tarball no local data for client-only@https://registry.npmjs.org/client-only/-/client-only-0.0.1.tgz. Extracting by manifest.
1135 silly tarball no local data for color-name@https://registry.npmjs.org/color-name/-/color-name-1.1.4.tgz. Extracting by manifest.
1136 silly tarball no local data for callsites@https://registry.npmjs.org/callsites/-/callsites-3.1.0.tgz. Extracting by manifest.
1137 silly tarball no local data for call-bind-apply-helpers@https://registry.npmjs.org/call-bind-apply-helpers/-/call-bind-apply-helpers-1.0.2.tgz. Extracting by manifest.
1138 silly tarball no local data for chalk@https://registry.npmjs.org/chalk/-/chalk-4.1.2.tgz. Extracting by manifest.
1139 silly tarball no local data for call-bind@https://registry.npmjs.org/call-bind/-/call-bind-1.0.9.tgz. Extracting by manifest.
1140 silly tarball no local data for caniuse-lite@https://registry.npmjs.org/caniuse-lite/-/caniuse-lite-1.0.30001793.tgz. Extracting by manifest.
1141 silly tarball no local data for buffer-equal-constant-time@https://registry.npmjs.org/buffer-equal-constant-time/-/buffer-equal-constant-time-1.0.1.tgz. Extracting by manifest.
1142 silly tarball no local data for call-bound@https://registry.npmjs.org/call-bound/-/call-bound-1.0.4.tgz. Extracting by manifest.
1143 silly tarball no local data for browserslist@https://registry.npmjs.org/browserslist/-/browserslist-4.28.2.tgz. Extracting by manifest.
1144 silly tarball no local data for bignumber.js@https://registry.npmjs.org/bignumber.js/-/bignumber.js-9.3.1.tgz. Extracting by manifest.
1145 silly tarball no local data for baseline-browser-mapping@https://registry.npmjs.org/baseline-browser-mapping/-/baseline-browser-mapping-2.10.32.tgz. Extracting by manifest.
1146 silly tarball no local data for balanced-match@https://registry.npmjs.org/balanced-match/-/balanced-match-1.0.2.tgz. Extracting by manifest.
1147 silly tarball no local data for braces@https://registry.npmjs.org/braces/-/braces-3.0.3.tgz. Extracting by manifest.
1148 silly tarball no local data for brace-expansion@https://registry.npmjs.org/brace-expansion/-/brace-expansion-1.1.15.tgz. Extracting by manifest.
1149 silly tarball no local data for axobject-query@https://registry.npmjs.org/axobject-query/-/axobject-query-4.1.0.tgz. Extracting by manifest.
1150 silly tarball no local data for base64-js@https://registry.npmjs.org/base64-js/-/base64-js-1.5.1.tgz. Extracting by manifest.
1151 silly tarball no local data for axe-core@https://registry.npmjs.org/axe-core/-/axe-core-4.11.4.tgz. Extracting by manifest.
1152 silly tarball no local data for async-function@https://registry.npmjs.org/async-function/-/async-function-1.0.0.tgz. Extracting by manifest.
1153 silly tarball no local data for arraybuffer.prototype.slice@https://registry.npmjs.org/arraybuffer.prototype.slice/-/arraybuffer.prototype.slice-1.0.4.tgz. Extracting by manifest.
1154 silly tarball no local data for ast-types-flow@https://registry.npmjs.org/ast-types-flow/-/ast-types-flow-0.0.8.tgz. Extracting by manifest.
1155 silly tarball no local data for array.prototype.flat@https://registry.npmjs.org/array.prototype.flat/-/array.prototype.flat-1.3.3.tgz. Extracting by manifest.
1156 silly tarball no local data for available-typed-arrays@https://registry.npmjs.org/available-typed-arrays/-/available-typed-arrays-1.0.7.tgz. Extracting by manifest.
1157 silly tarball no local data for array.prototype.tosorted@https://registry.npmjs.org/array.prototype.tosorted/-/array.prototype.tosorted-1.1.4.tgz. Extracting by manifest.
1158 silly tarball no local data for array.prototype.flatmap@https://registry.npmjs.org/array.prototype.flatmap/-/array.prototype.flatmap-1.3.3.tgz. Extracting by manifest.
1159 silly tarball no local data for array.prototype.findlastindex@https://registry.npmjs.org/array.prototype.findlastindex/-/array.prototype.findlastindex-1.2.6.tgz. Extracting by manifest.
1160 silly tarball no local data for array-buffer-byte-length@https://registry.npmjs.org/array-buffer-byte-length/-/array-buffer-byte-length-1.0.2.tgz. Extracting by manifest.
1161 silly tarball no local data for array.prototype.findlast@https://registry.npmjs.org/array.prototype.findlast/-/array.prototype.findlast-1.2.5.tgz. Extracting by manifest.
1162 silly tarball no local data for argparse@https://registry.npmjs.org/argparse/-/argparse-2.0.1.tgz. Extracting by manifest.
1163 silly tarball no local data for array-includes@https://registry.npmjs.org/array-includes/-/array-includes-3.1.9.tgz. Extracting by manifest.
1164 silly tarball no local data for aria-query@https://registry.npmjs.org/aria-query/-/aria-query-5.3.2.tgz. Extracting by manifest.
1165 silly tarball no local data for ansi-styles@https://registry.npmjs.org/ansi-styles/-/ansi-styles-4.3.0.tgz. Extracting by manifest.
1166 silly tarball no local data for agent-base@https://registry.npmjs.org/agent-base/-/agent-base-7.1.4.tgz. Extracting by manifest.
1167 silly tarball no local data for ajv@https://registry.npmjs.org/ajv/-/ajv-6.15.0.tgz. Extracting by manifest.
1168 silly tarball no local data for acorn@https://registry.npmjs.org/acorn/-/acorn-8.16.0.tgz. Extracting by manifest.
1169 silly tarball no local data for acorn-jsx@https://registry.npmjs.org/acorn-jsx/-/acorn-jsx-5.3.2.tgz. Extracting by manifest.
1170 silly tarball no local data for eslint-visitor-keys@https://registry.npmjs.org/eslint-visitor-keys/-/eslint-visitor-keys-5.0.1.tgz. Extracting by manifest.
1171 silly tarball no local data for semver@https://registry.npmjs.org/semver/-/semver-7.8.1.tgz. Extracting by manifest.
1172 silly tarball no local data for balanced-match@https://registry.npmjs.org/balanced-match/-/balanced-match-4.0.4.tgz. Extracting by manifest.
1173 silly tarball no local data for brace-expansion@https://registry.npmjs.org/brace-expansion/-/brace-expansion-5.0.6.tgz. Extracting by manifest.
1174 silly tarball no local data for minimatch@https://registry.npmjs.org/minimatch/-/minimatch-10.2.5.tgz. Extracting by manifest.
1175 silly tarball no local data for ignore@https://registry.npmjs.org/ignore/-/ignore-7.0.5.tgz. Extracting by manifest.
1176 silly tarball no local data for eslint-visitor-keys@https://registry.npmjs.org/eslint-visitor-keys/-/eslint-visitor-keys-3.4.3.tgz. Extracting by manifest.
1177 silly tarball no local data for json5@https://registry.npmjs.org/json5/-/json5-1.0.2.tgz. Extracting by manifest.
1178 silly tarball no local data for picomatch@https://registry.npmjs.org/picomatch/-/picomatch-4.0.4.tgz. Extracting by manifest.
1179 silly tarball no local data for fdir@https://registry.npmjs.org/fdir/-/fdir-6.5.0.tgz. Extracting by manifest.
1180 silly tarball no local data for postcss@https://registry.npmjs.org/postcss/-/postcss-8.4.31.tgz. Extracting by manifest.
1181 silly tarball no local data for semver@https://registry.npmjs.org/semver/-/semver-7.8.1.tgz. Extracting by manifest.
1182 silly tarball no local data for glob-parent@https://registry.npmjs.org/glob-parent/-/glob-parent-5.1.2.tgz. Extracting by manifest.
1183 silly tarball no local data for debug@https://registry.npmjs.org/debug/-/debug-3.2.7.tgz. Extracting by manifest.
1184 silly tarball no local data for debug@https://registry.npmjs.org/debug/-/debug-3.2.7.tgz. Extracting by manifest.
1185 silly tarball no local data for globals@https://registry.npmjs.org/globals/-/globals-16.4.0.tgz. Extracting by manifest.
1186 silly tarball no local data for debug@https://registry.npmjs.org/debug/-/debug-3.2.7.tgz. Extracting by manifest.
1187 silly tarball no local data for semver@https://registry.npmjs.org/semver/-/semver-7.8.1.tgz. Extracting by manifest.
1188 http fetch GET 200 https://registry.npmjs.org/@types/json5/-/json5-0.0.29.tgz 1671ms (cache miss)
1189 http fetch GET 200 https://registry.npmjs.org/@types/retry/-/retry-0.12.0.tgz 1682ms (cache miss)
1190 http fetch GET 200 https://registry.npmjs.org/@types/estree/-/estree-1.0.9.tgz 1713ms (cache miss)
1191 http fetch GET 200 https://registry.npmjs.org/@typescript-eslint/parser/-/parser-8.60.0.tgz 1737ms (cache miss)
1192 http fetch GET 200 https://registry.npmjs.org/@typescript-eslint/tsconfig-utils/-/tsconfig-utils-8.60.0.tgz 1769ms (cache miss)
1193 http fetch GET 200 https://registry.npmjs.org/@tailwindcss/postcss/-/postcss-4.3.0.tgz 2389ms (cache miss)
1194 http fetch GET 200 https://registry.npmjs.org/@typescript-eslint/type-utils/-/type-utils-8.60.0.tgz 2484ms (cache miss)
1195 http fetch GET 200 https://registry.npmjs.org/@typescript-eslint/visitor-keys/-/visitor-keys-8.60.0.tgz 2497ms (cache miss)
1196 http fetch GET 200 https://registry.npmjs.org/@typescript-eslint/project-service/-/project-service-8.60.0.tgz 2558ms (cache miss)
1197 http fetch GET 200 https://registry.npmjs.org/@typescript-eslint/typescript-estree/-/typescript-estree-8.60.0.tgz 2752ms (cache miss)
1198 http fetch GET 200 https://registry.npmjs.org/@tailwindcss/oxide/-/oxide-4.3.0.tgz 3045ms (cache miss)
1199 http fetch GET 200 https://registry.npmjs.org/@rtsao/scc/-/scc-1.1.0.tgz 3232ms (cache miss)
1200 http fetch GET 200 https://registry.npmjs.org/@typescript-eslint/utils/-/utils-8.60.0.tgz 3414ms (cache miss)
1201 http fetch GET 200 https://registry.npmjs.org/@typescript-eslint/scope-manager/-/scope-manager-8.60.0.tgz 3494ms (cache miss)
1202 http fetch GET 200 https://registry.npmjs.org/@swc/helpers/-/helpers-0.5.15.tgz 3496ms (cache miss)
1203 http fetch GET 200 https://registry.npmjs.org/@protobufjs/utf8/-/utf8-1.1.1.tgz 3705ms (cache miss)
1204 http fetch GET 200 https://registry.npmjs.org/@protobufjs/float/-/float-1.0.2.tgz 3974ms (cache miss)
1205 http fetch GET 200 https://registry.npmjs.org/@protobufjs/pool/-/pool-1.1.0.tgz 4010ms (cache miss)
1206 http fetch GET 200 https://registry.npmjs.org/@types/node/-/node-25.9.1.tgz 4164ms (cache miss)
1207 http fetch GET 200 https://registry.npmjs.org/@protobufjs/path/-/path-1.1.2.tgz 4181ms (cache miss)
1208 http fetch GET 200 https://registry.npmjs.org/@supabase/realtime-js/-/realtime-js-2.106.2.tgz 4238ms (cache miss)
1209 http fetch GET 200 https://registry.npmjs.org/@protobufjs/inquire/-/inquire-1.1.2.tgz 4347ms (cache miss)
1210 http fetch GET 200 https://registry.npmjs.org/@protobufjs/eventemitter/-/eventemitter-1.1.1.tgz 4405ms (cache miss)
1211 http fetch GET 200 https://registry.npmjs.org/@supabase/supabase-js/-/supabase-js-2.106.2.tgz 4459ms (cache miss)
1212 http fetch GET 200 https://registry.npmjs.org/@tailwindcss/node/-/node-4.3.0.tgz 4476ms (cache miss)
1213 http fetch GET 200 https://registry.npmjs.org/@supabase/storage-js/-/storage-js-2.106.2.tgz 4485ms (cache miss)
1214 http fetch GET 200 https://registry.npmjs.org/@protobufjs/aspromise/-/aspromise-1.1.2.tgz 4490ms (cache miss)
1215 http fetch GET 200 https://registry.npmjs.org/@protobufjs/fetch/-/fetch-1.1.1.tgz 4538ms (cache miss)
1216 http fetch GET 200 https://registry.npmjs.org/@protobufjs/base64/-/base64-1.1.2.tgz 4607ms (cache miss)
1217 http fetch GET 200 https://registry.npmjs.org/@nolyfill/is-core-module/-/is-core-module-1.0.39.tgz 4825ms (cache miss)
1218 http fetch GET 200 https://registry.npmjs.org/@nodelib/fs.stat/-/fs.stat-2.0.5.tgz 4843ms (cache miss)
1219 http fetch GET 200 https://registry.npmjs.org/@nodelib/fs.scandir/-/fs.scandir-2.1.5.tgz 4853ms (cache miss)
1220 http fetch GET 200 https://registry.npmjs.org/@nodelib/fs.walk/-/fs.walk-1.2.8.tgz 4880ms (cache miss)
1221 http fetch GET 200 https://registry.npmjs.org/@typescript-eslint/eslint-plugin/-/eslint-plugin-8.60.0.tgz 5121ms (cache miss)
1222 http fetch GET 200 https://registry.npmjs.org/@supabase/functions-js/-/functions-js-2.106.2.tgz 5377ms (cache miss)
1223 http fetch GET 200 https://registry.npmjs.org/@supabase/phoenix/-/phoenix-0.4.2.tgz 5580ms (cache miss)
1224 http fetch GET 200 https://registry.npmjs.org/@next/env/-/env-16.2.6.tgz 5752ms (cache miss)
1225 http fetch GET 200 https://registry.npmjs.org/@jridgewell/gen-mapping/-/gen-mapping-0.3.13.tgz 5833ms (cache miss)
1226 http fetch GET 200 https://registry.npmjs.org/@protobufjs/codegen/-/codegen-2.0.5.tgz 5870ms (cache miss)
1227 http fetch GET 200 https://registry.npmjs.org/@jridgewell/trace-mapping/-/trace-mapping-0.3.31.tgz 5961ms (cache miss)
1228 http fetch GET 200 https://registry.npmjs.org/@next/eslint-plugin-next/-/eslint-plugin-next-16.2.6.tgz 6019ms (cache miss)
1229 http fetch GET 200 https://registry.npmjs.org/@jridgewell/resolve-uri/-/resolve-uri-3.1.2.tgz 6130ms (cache miss)
1230 http fetch GET 200 https://registry.npmjs.org/@img/colour/-/colour-1.1.0.tgz 6394ms (cache miss)
1231 http fetch GET 200 https://registry.npmjs.org/@humanwhocodes/retry/-/retry-0.4.3.tgz 6485ms (cache miss)
1232 http fetch GET 200 https://registry.npmjs.org/@humanwhocodes/module-importer/-/module-importer-1.0.1.tgz 6563ms (cache miss)
1233 http fetch GET 200 https://registry.npmjs.org/@supabase/postgrest-js/-/postgrest-js-2.106.2.tgz 6640ms (cache miss)
1234 http fetch GET 200 https://registry.npmjs.org/@jridgewell/remapping/-/remapping-2.3.5.tgz 6694ms (cache miss)
1235 http fetch GET 200 https://registry.npmjs.org/@humanfs/core/-/core-0.19.2.tgz 6859ms (cache miss)
1236 http fetch GET 200 https://registry.npmjs.org/@jridgewell/sourcemap-codec/-/sourcemap-codec-1.5.5.tgz 6910ms (cache miss)
1237 http fetch GET 200 https://registry.npmjs.org/@humanfs/node/-/node-0.16.8.tgz 6916ms (cache miss)
1238 http fetch GET 200 https://registry.npmjs.org/@humanfs/types/-/types-0.15.0.tgz 7053ms (cache miss)
1239 http fetch GET 200 https://registry.npmjs.org/@eslint/plugin-kit/-/plugin-kit-0.4.1.tgz 7249ms (cache miss)
1240 http fetch GET 200 https://registry.npmjs.org/@eslint/core/-/core-0.17.0.tgz 7342ms (cache miss)
1241 http fetch GET 200 https://registry.npmjs.org/@supabase/auth-js/-/auth-js-2.106.2.tgz 7432ms (cache miss)
1242 http fetch GET 200 https://registry.npmjs.org/@eslint-community/eslint-utils/-/eslint-utils-4.9.1.tgz 7411ms (cache miss)
1243 http fetch GET 200 https://registry.npmjs.org/@eslint/config-helpers/-/config-helpers-0.4.2.tgz 7661ms (cache miss)
1244 http fetch GET 200 https://registry.npmjs.org/@eslint/js/-/js-9.39.4.tgz 7747ms (cache miss)
1245 http fetch GET 200 https://registry.npmjs.org/@alloc/quick-lru/-/quick-lru-5.2.0.tgz 7764ms (cache miss)
1246 http fetch GET 200 https://registry.npmjs.org/@eslint/object-schema/-/object-schema-2.1.7.tgz 7954ms (cache miss)
1247 http fetch GET 200 https://registry.npmjs.org/@types/json-schema/-/json-schema-7.0.15.tgz 8132ms (cache miss)
1248 http fetch GET 200 https://registry.npmjs.org/@eslint/config-array/-/config-array-0.21.2.tgz 8374ms (cache miss)
1249 http fetch GET 200 https://registry.npmjs.org/zod-validation-error/-/zod-validation-error-4.0.2.tgz 8450ms (cache miss)
1250 http fetch GET 200 https://registry.npmjs.org/@unrs/resolver-binding-win32-x64-msvc/-/resolver-binding-win32-x64-msvc-1.12.2.tgz 8676ms (cache miss)
1251 http fetch GET 200 https://registry.npmjs.org/@babel/helper-validator-option/-/helper-validator-option-7.29.7.tgz 8544ms (cache miss)
1252 http fetch GET 200 https://registry.npmjs.org/@eslint/eslintrc/-/eslintrc-3.3.5.tgz 8666ms (cache miss)
1253 http fetch GET 200 https://registry.npmjs.org/@babel/helper-validator-identifier/-/helper-validator-identifier-7.29.7.tgz 9039ms (cache miss)
1254 http fetch GET 200 https://registry.npmjs.org/@babel/helper-module-transforms/-/helper-module-transforms-7.29.7.tgz 9140ms (cache miss)
1255 http fetch GET 200 https://registry.npmjs.org/@babel/helper-module-imports/-/helper-module-imports-7.29.7.tgz 9194ms (cache miss)
1256 http fetch GET 200 https://registry.npmjs.org/@babel/helper-string-parser/-/helper-string-parser-7.29.7.tgz 9249ms (cache miss)
1257 http fetch GET 200 https://registry.npmjs.org/@babel/helper-globals/-/helper-globals-7.29.7.tgz 9370ms (cache miss)
1258 http fetch GET 200 https://registry.npmjs.org/@babel/helper-compilation-targets/-/helper-compilation-targets-7.29.7.tgz 9582ms (cache miss)
1259 http fetch GET 200 https://registry.npmjs.org/@babel/compat-data/-/compat-data-7.29.7.tgz 9839ms (cache miss)
1260 http fetch GET 200 https://registry.npmjs.org/@babel/code-frame/-/code-frame-7.29.7.tgz 9881ms (cache miss)
1261 http fetch GET 200 https://registry.npmjs.org/@babel/traverse/-/traverse-7.29.7.tgz 10053ms (cache miss)
1262 http fetch GET 200 https://registry.npmjs.org/to-regex-range/-/to-regex-range-5.0.1.tgz 10067ms (cache miss)
1263 http fetch GET 200 https://registry.npmjs.org/which-collection/-/which-collection-1.0.2.tgz 10126ms (cache miss)
1264 http fetch GET 200 https://registry.npmjs.org/yocto-queue/-/yocto-queue-0.1.0.tgz 10170ms (cache miss)
1265 http fetch GET 200 https://registry.npmjs.org/@babel/template/-/template-7.29.7.tgz 10317ms (cache miss)
1266 http fetch GET 200 https://registry.npmjs.org/yallist/-/yallist-3.1.1.tgz 10303ms (cache miss)
1267 http fetch GET 200 https://registry.npmjs.org/@eslint-community/regexpp/-/regexpp-4.12.2.tgz 10401ms (cache miss)
1268 http fetch GET 200 https://registry.npmjs.org/which-builtin-type/-/which-builtin-type-1.2.1.tgz 10556ms (cache miss)
1269 http fetch GET 200 https://registry.npmjs.org/@babel/generator/-/generator-7.29.7.tgz 10629ms (cache miss)
1270 http fetch GET 200 https://registry.npmjs.org/@babel/parser/-/parser-7.29.7.tgz 10681ms (cache miss)
1271 http fetch GET 200 https://registry.npmjs.org/which-typed-array/-/which-typed-array-1.1.21.tgz 10729ms (cache miss)
1272 http fetch GET 200 https://registry.npmjs.org/which-boxed-primitive/-/which-boxed-primitive-1.1.1.tgz 10779ms (cache miss)
1273 http fetch GET 200 https://registry.npmjs.org/which/-/which-2.0.2.tgz 10980ms (cache miss)
1274 http fetch GET 200 https://registry.npmjs.org/unbox-primitive/-/unbox-primitive-1.1.0.tgz 11224ms (cache miss)
1275 http fetch GET 200 https://registry.npmjs.org/undici-types/-/undici-types-7.24.6.tgz 11290ms (cache miss)
1276 http fetch GET 200 https://registry.npmjs.org/@tailwindcss/oxide-win32-x64-msvc/-/oxide-win32-x64-msvc-4.3.0.tgz 11434ms (cache miss)
1277 http fetch GET 200 https://registry.npmjs.org/@babel/types/-/types-7.29.7.tgz 11386ms (cache miss)
1278 http fetch GET 200 https://registry.npmjs.org/typescript-eslint/-/typescript-eslint-8.60.0.tgz 11389ms (cache miss)
1279 http fetch GET 200 https://registry.npmjs.org/typed-array-length/-/typed-array-length-1.0.7.tgz 11416ms (cache miss)
1280 http fetch GET 200 https://registry.npmjs.org/unrs-resolver/-/unrs-resolver-1.12.2.tgz 11483ms (cache miss)
1281 http fetch GET 200 https://registry.npmjs.org/update-browserslist-db/-/update-browserslist-db-1.2.3.tgz 11492ms (cache miss)
1282 http fetch GET 200 https://registry.npmjs.org/@babel/core/-/core-7.29.7.tgz 11565ms (cache miss)
1283 http fetch GET 200 https://registry.npmjs.org/typed-array-buffer/-/typed-array-buffer-1.0.3.tgz 11564ms (cache miss)
1284 http fetch GET 200 https://registry.npmjs.org/typed-array-byte-length/-/typed-array-byte-length-1.0.3.tgz 11580ms (cache miss)
1285 http fetch GET 200 https://registry.npmjs.org/typed-array-byte-offset/-/typed-array-byte-offset-1.0.4.tgz 11631ms (cache miss)
1286 http fetch GET 200 https://registry.npmjs.org/word-wrap/-/word-wrap-1.2.5.tgz 11713ms (cache miss)
1287 http fetch GET 200 https://registry.npmjs.org/uri-js/-/uri-js-4.4.1.tgz 11829ms (cache miss)
1288 http fetch GET 200 https://registry.npmjs.org/@babel/helpers/-/helpers-7.29.7.tgz 11896ms (cache miss)
1289 http fetch GET 200 https://registry.npmjs.org/tslib/-/tslib-2.8.1.tgz 11977ms (cache miss)
1290 http fetch GET 200 https://registry.npmjs.org/tinyglobby/-/tinyglobby-0.2.16.tgz 12054ms (cache miss)
1291 http fetch GET 200 https://registry.npmjs.org/supports-preserve-symlinks-flag/-/supports-preserve-symlinks-flag-1.0.0.tgz 12144ms (cache miss)
1292 http fetch GET 200 https://registry.npmjs.org/tapable/-/tapable-2.3.3.tgz 12155ms (cache miss)
1293 http fetch GET 200 https://registry.npmjs.org/ts-api-utils/-/ts-api-utils-2.5.0.tgz 12211ms (cache miss)
1294 http fetch GET 200 https://registry.npmjs.org/type-check/-/type-check-0.4.0.tgz 12293ms (cache miss)
1295 http fetch GET 200 https://registry.npmjs.org/string.prototype.repeat/-/string.prototype.repeat-1.0.0.tgz 12296ms (cache miss)
1296 http fetch GET 200 https://registry.npmjs.org/strip-bom/-/strip-bom-3.0.0.tgz 12295ms (cache miss)
1297 http fetch GET 200 https://registry.npmjs.org/strip-json-comments/-/strip-json-comments-3.1.1.tgz 12364ms (cache miss)
1298 http fetch GET 200 https://registry.npmjs.org/string.prototype.trimend/-/string.prototype.trimend-1.0.9.tgz 12460ms (cache miss)
1299 http fetch GET 200 https://registry.npmjs.org/side-channel/-/side-channel-1.1.0.tgz 12463ms (cache miss)
1300 http fetch GET 200 https://registry.npmjs.org/tsconfig-paths/-/tsconfig-paths-3.15.0.tgz 12531ms (cache miss)
1301 http fetch GET 200 https://registry.npmjs.org/string.prototype.includes/-/string.prototype.includes-2.0.1.tgz 12545ms (cache miss)
1302 http fetch GET 200 https://registry.npmjs.org/string.prototype.trim/-/string.prototype.trim-1.2.10.tgz 12557ms (cache miss)
1303 http fetch GET 200 https://registry.npmjs.org/side-channel-weakmap/-/side-channel-weakmap-1.0.2.tgz 12560ms (cache miss)
1304 http fetch GET 200 https://registry.npmjs.org/safe-push-apply/-/safe-push-apply-1.0.0.tgz 12608ms (cache miss)
1305 http fetch GET 200 https://registry.npmjs.org/string.prototype.trimstart/-/string.prototype.trimstart-1.0.8.tgz 12631ms (cache miss)
1306 http fetch GET 200 https://registry.npmjs.org/stop-iteration-iterator/-/stop-iteration-iterator-1.1.0.tgz 12620ms (cache miss)
1307 http fetch GET 200 https://registry.npmjs.org/ws/-/ws-8.21.0.tgz 12730ms (cache miss)
1308 http fetch GET 200 https://registry.npmjs.org/side-channel-map/-/side-channel-map-1.0.1.tgz 12737ms (cache miss)
1309 http fetch GET 200 https://registry.npmjs.org/shebang-command/-/shebang-command-2.0.0.tgz 12763ms (cache miss)
1310 http fetch GET 200 https://registry.npmjs.org/stable-hash/-/stable-hash-0.0.5.tgz 12777ms (cache miss)
1311 http fetch GET 200 https://registry.npmjs.org/supports-color/-/supports-color-7.2.0.tgz 12777ms (cache miss)
1312 http fetch GET 200 https://registry.npmjs.org/side-channel-list/-/side-channel-list-1.0.1.tgz 12786ms (cache miss)
1313 http fetch GET 200 https://registry.npmjs.org/shebang-regex/-/shebang-regex-3.0.0.tgz 12829ms (cache miss)
1314 http fetch GET 200 https://registry.npmjs.org/set-proto/-/set-proto-1.0.0.tgz 12958ms (cache miss)
1315 http fetch GET 200 https://registry.npmjs.org/source-map-js/-/source-map-js-1.2.1.tgz 13029ms (cache miss)
1316 http fetch GET 200 https://registry.npmjs.org/string.prototype.matchall/-/string.prototype.matchall-4.0.12.tgz 13088ms (cache miss)
1317 http fetch GET 200 https://registry.npmjs.org/set-function-name/-/set-function-name-2.0.2.tgz 13090ms (cache miss)
1318 http fetch GET 200 https://registry.npmjs.org/scheduler/-/scheduler-0.27.0.tgz 13137ms (cache miss)
1319 http fetch GET 200 https://registry.npmjs.org/safe-array-concat/-/safe-array-concat-1.1.4.tgz 13382ms (cache miss)
1320 http fetch GET 200 https://registry.npmjs.org/run-parallel/-/run-parallel-1.2.0.tgz 13466ms (cache miss)
1321 http fetch GET 200 https://registry.npmjs.org/semver/-/semver-6.3.1.tgz 13495ms (cache miss)
1322 http fetch GET 200 https://registry.npmjs.org/safe-buffer/-/safe-buffer-5.2.1.tgz 13632ms (cache miss)
1323 http fetch GET 200 https://registry.npmjs.org/retry/-/retry-0.13.1.tgz 13735ms (cache miss)
1324 http fetch GET 200 https://registry.npmjs.org/resolve-from/-/resolve-from-4.0.0.tgz 13803ms (cache miss)
1325 http fetch GET 200 https://registry.npmjs.org/set-function-length/-/set-function-length-1.2.2.tgz 13835ms (cache miss)
1326 http fetch GET 200 https://registry.npmjs.org/own-keys/-/own-keys-1.0.1.tgz 13928ms (cache miss)
1327 http fetch GET 200 https://registry.npmjs.org/sharp/-/sharp-0.34.5.tgz 13960ms (cache miss)
1328 http fetch GET 200 https://registry.npmjs.org/safe-regex-test/-/safe-regex-test-1.1.0.tgz 13983ms (cache miss)
1329 http fetch GET 200 https://registry.npmjs.org/reusify/-/reusify-1.1.0.tgz 14159ms (cache miss)
1330 http fetch GET 200 https://registry.npmjs.org/react-is/-/react-is-16.13.1.tgz 14247ms (cache miss)
1331 http fetch GET 200 https://registry.npmjs.org/reflect.getprototypeof/-/reflect.getprototypeof-1.0.10.tgz 14298ms (cache miss)
1332 http fetch GET 200 https://registry.npmjs.org/queue-microtask/-/queue-microtask-1.2.3.tgz 14398ms (cache miss)
1333 http fetch GET 200 https://registry.npmjs.org/react/-/react-19.2.4.tgz 14565ms (cache miss)
1334 http fetch GET 200 https://registry.npmjs.org/punycode/-/punycode-2.3.1.tgz 14726ms (cache miss)
1335 http fetch GET 200 https://registry.npmjs.org/possible-typed-array-names/-/possible-typed-array-names-1.1.0.tgz 14768ms (cache miss)
1336 http fetch GET 200 https://registry.npmjs.org/prelude-ls/-/prelude-ls-1.2.1.tgz 14865ms (cache miss)
1337 http fetch GET 200 https://registry.npmjs.org/resolve/-/resolve-2.0.0-next.7.tgz 14956ms (cache miss)
1338 http fetch GET 200 https://registry.npmjs.org/picocolors/-/picocolors-1.1.1.tgz 14943ms (cache miss)
1339 http fetch GET 200 https://registry.npmjs.org/styled-jsx/-/styled-jsx-5.1.6.tgz 15089ms (cache miss)
1340 http fetch GET 200 https://registry.npmjs.org/prop-types/-/prop-types-15.8.1.tgz 15149ms (cache miss)
1341 http fetch GET 200 https://registry.npmjs.org/path-exists/-/path-exists-4.0.0.tgz 15210ms (cache miss)
1342 http fetch GET 200 https://registry.npmjs.org/path-parse/-/path-parse-1.0.7.tgz 15236ms (cache miss)
1343 http fetch GET 200 https://registry.npmjs.org/path-key/-/path-key-3.1.1.tgz 15298ms (cache miss)
1344 http fetch GET 200 https://registry.npmjs.org/p-retry/-/p-retry-4.6.2.tgz 15419ms (cache miss)
1345 http fetch GET 200 https://registry.npmjs.org/p-limit/-/p-limit-3.1.0.tgz 15437ms (cache miss)
1346 http fetch GET 200 https://registry.npmjs.org/p-locate/-/p-locate-5.0.0.tgz 15476ms (cache miss)
1347 http fetch GET 200 https://registry.npmjs.org/parent-module/-/parent-module-1.0.1.tgz 15606ms (cache miss)
1348 http fetch GET 200 https://registry.npmjs.org/regexp.prototype.flags/-/regexp.prototype.flags-1.5.4.tgz 15646ms (cache miss)
1349 http fetch GET 200 https://registry.npmjs.org/tailwindcss/-/tailwindcss-4.3.0.tgz 15801ms (cache miss)
1350 http fetch GET 200 https://registry.npmjs.org/optionator/-/optionator-0.9.4.tgz 15761ms (cache miss)
1351 http fetch GET 200 https://registry.npmjs.org/object.values/-/object.values-1.2.1.tgz 15790ms (cache miss)
1352 http fetch GET 200 https://registry.npmjs.org/object-keys/-/object-keys-1.1.1.tgz 15789ms (cache miss)
1353 http fetch GET 200 https://registry.npmjs.org/object.groupby/-/object.groupby-1.0.3.tgz 15842ms (cache miss)
1354 http fetch GET 200 https://registry.npmjs.org/postcss/-/postcss-8.5.15.tgz 15918ms (cache miss)
1355 http fetch GET 200 https://registry.npmjs.org/object.fromentries/-/object.fromentries-2.0.8.tgz 15955ms (cache miss)
1356 http fetch GET 200 https://registry.npmjs.org/node-domexception/-/node-domexception-1.0.0.tgz 16023ms (cache miss)
1357 warn deprecated node-domexception@1.0.0: Use your platform's native DOMException instead
1358 http fetch GET 200 https://registry.npmjs.org/node-releases/-/node-releases-2.0.46.tgz 16186ms (cache miss)
1359 http fetch GET 200 https://registry.npmjs.org/object-assign/-/object-assign-4.1.1.tgz 16197ms (cache miss)
1360 http fetch GET 200 https://registry.npmjs.org/node-exports-info/-/node-exports-info-1.6.0.tgz 16239ms (cache miss)
1361 http fetch GET 200 https://registry.npmjs.org/object.assign/-/object.assign-4.1.7.tgz 16314ms (cache miss)
1362 http fetch GET 200 https://registry.npmjs.org/object-inspect/-/object-inspect-1.13.4.tgz 16339ms (cache miss)
1363 http fetch GET 200 https://registry.npmjs.org/natural-compare/-/natural-compare-1.4.0.tgz 16368ms (cache miss)
1364 http fetch GET 200 https://registry.npmjs.org/nanoid/-/nanoid-3.3.12.tgz 16428ms (cache miss)
1365 http fetch GET 200 https://registry.npmjs.org/node-fetch/-/node-fetch-3.3.2.tgz 16567ms (cache miss)
1366 http fetch GET 200 https://registry.npmjs.org/object.entries/-/object.entries-1.1.9.tgz 16578ms (cache miss)
1367 http fetch GET 200 https://registry.npmjs.org/ms/-/ms-2.1.3.tgz 16594ms (cache miss)
1368 http fetch GET 200 https://registry.npmjs.org/zod/-/zod-4.4.3.tgz 16881ms (cache miss)
1369 http fetch GET 200 https://registry.npmjs.org/merge2/-/merge2-1.4.1.tgz 16761ms (cache miss)
1370 http fetch GET 200 https://registry.npmjs.org/napi-postinstall/-/napi-postinstall-0.3.4.tgz 16825ms (cache miss)
1371 http fetch GET 200 https://registry.npmjs.org/math-intrinsics/-/math-intrinsics-1.1.0.tgz 16951ms (cache miss)
1372 http fetch GET 200 https://registry.npmjs.org/loose-envify/-/loose-envify-1.4.0.tgz 16959ms (cache miss)
1373 http fetch GET 200 https://registry.npmjs.org/long/-/long-5.3.2.tgz 17143ms (cache miss)
1374 http fetch GET 200 https://registry.npmjs.org/locate-path/-/locate-path-6.0.0.tgz 17140ms (cache miss)
1375 http fetch GET 200 https://registry.npmjs.org/picomatch/-/picomatch-2.3.2.tgz 17187ms (cache miss)
1376 http fetch GET 200 https://registry.npmjs.org/minimatch/-/minimatch-3.1.5.tgz 17300ms (cache miss)
1377 http fetch GET 200 https://registry.npmjs.org/lru-cache/-/lru-cache-5.1.1.tgz 17437ms (cache miss)
1378 http fetch GET 200 https://registry.npmjs.org/lodash.merge/-/lodash.merge-4.6.2.tgz 17531ms (cache miss)
1379 http fetch GET 200 https://registry.npmjs.org/keyv/-/keyv-4.5.4.tgz 17770ms (cache miss)
1380 http fetch GET 200 https://registry.npmjs.org/language-tags/-/language-tags-1.0.9.tgz 17782ms (cache miss)
1381 http fetch GET 200 https://registry.npmjs.org/levn/-/levn-0.4.1.tgz 18119ms (cache miss)
1382 http fetch GET 200 https://registry.npmjs.org/micromatch/-/micromatch-4.0.8.tgz 18360ms (cache miss)
1383 http fetch GET 200 https://registry.npmjs.org/magic-string/-/magic-string-0.30.21.tgz 18554ms (cache miss)
1384 http fetch GET 200 https://registry.npmjs.org/lightningcss/-/lightningcss-1.32.0.tgz 18736ms (cache miss)
1385 http fetch GET 200 https://registry.npmjs.org/jws/-/jws-4.0.1.tgz 18786ms (cache miss)
1386 http fetch GET 200 https://registry.npmjs.org/json-stable-stringify-without-jsonify/-/json-stable-stringify-without-jsonify-1.0.1.tgz 18924ms (cache miss)
1387 http fetch GET 200 https://registry.npmjs.org/json-buffer/-/json-buffer-3.0.1.tgz 19099ms (cache miss)
1388 http fetch GET 200 https://registry.npmjs.org/json-schema-traverse/-/json-schema-traverse-0.4.1.tgz 19116ms (cache miss)
1389 http fetch GET 200 https://registry.npmjs.org/jwa/-/jwa-2.0.1.tgz 19545ms (cache miss)
1390 http fetch GET 200 https://registry.npmjs.org/json5/-/json5-2.2.3.tgz 19566ms (cache miss)
1391 http fetch GET 200 https://registry.npmjs.org/json-bigint/-/json-bigint-1.0.0.tgz 19631ms (cache miss)
1392 http fetch GET 200 https://registry.npmjs.org/js-tokens/-/js-tokens-4.0.0.tgz 19741ms (cache miss)
1393 http fetch GET 200 https://registry.npmjs.org/jsesc/-/jsesc-3.1.0.tgz 20167ms (cache miss)
1394 http fetch GET 200 https://registry.npmjs.org/protobufjs/-/protobufjs-7.6.1.tgz 20480ms (cache miss)
1395 http fetch GET 200 https://registry.npmjs.org/iterator.prototype/-/iterator.prototype-1.1.5.tgz 20424ms (cache miss)
1396 http fetch GET 200 https://registry.npmjs.org/resolve-pkg-maps/-/resolve-pkg-maps-1.0.0.tgz 20712ms (cache miss)
1397 http fetch GET 200 https://registry.npmjs.org/isexe/-/isexe-2.0.0.tgz 21007ms (cache miss)
1398 http fetch GET 200 https://registry.npmjs.org/is-weakset/-/is-weakset-2.0.4.tgz 21297ms (cache miss)
1399 http fetch GET 200 https://registry.npmjs.org/is-weakref/-/is-weakref-1.1.1.tgz 21489ms (cache miss)
1400 http fetch GET 200 https://registry.npmjs.org/is-typed-array/-/is-typed-array-1.1.15.tgz 21495ms (cache miss)
1401 http fetch GET 200 https://registry.npmjs.org/isarray/-/isarray-2.0.5.tgz 21677ms (cache miss)
1402 http fetch GET 200 https://registry.npmjs.org/is-symbol/-/is-symbol-1.1.1.tgz 21877ms (cache miss)
1403 http fetch GET 200 https://registry.npmjs.org/js-yaml/-/js-yaml-4.1.1.tgz 21990ms (cache miss)
1404 http fetch GET 200 https://registry.npmjs.org/jsx-ast-utils/-/jsx-ast-utils-3.3.5.tgz 22049ms (cache miss)
1405 http fetch GET 200 https://registry.npmjs.org/language-subtag-registry/-/language-subtag-registry-0.3.23.tgz 22094ms (cache miss)
1406 http fetch GET 200 https://registry.npmjs.org/is-shared-array-buffer/-/is-shared-array-buffer-1.0.4.tgz 22172ms (cache miss)
1407 http fetch GET 200 https://registry.npmjs.org/is-negative-zero/-/is-negative-zero-2.0.3.tgz 22396ms (cache miss)
1408 http fetch GET 200 https://registry.npmjs.org/is-regex/-/is-regex-1.2.1.tgz 22466ms (cache miss)
1409 http fetch GET 200 https://registry.npmjs.org/is-number-object/-/is-number-object-1.1.1.tgz 22616ms (cache miss)
1410 http fetch GET 200 https://registry.npmjs.org/is-set/-/is-set-2.0.3.tgz 22657ms (cache miss)
1411 http fetch GET 200 https://registry.npmjs.org/is-glob/-/is-glob-4.0.3.tgz 22766ms (cache miss)
1412 http fetch GET 200 https://registry.npmjs.org/is-string/-/is-string-1.1.1.tgz 22780ms (cache miss)
1413 http fetch GET 200 https://registry.npmjs.org/is-map/-/is-map-2.0.3.tgz 22841ms (cache miss)
1414 http fetch GET 200 https://registry.npmjs.org/is-extglob/-/is-extglob-2.1.1.tgz 22948ms (cache miss)
1415 http fetch GET 200 https://registry.npmjs.org/is-finalizationregistry/-/is-finalizationregistry-1.1.1.tgz 23004ms (cache miss)
1416 http fetch GET 200 https://registry.npmjs.org/@google/genai/-/genai-2.6.0.tgz 23399ms (cache miss)
1417 http fetch GET 200 https://registry.npmjs.org/has-symbols/-/has-symbols-1.1.0.tgz 23179ms (cache miss)
1418 http fetch GET 200 https://registry.npmjs.org/is-data-view/-/is-data-view-1.0.2.tgz 23242ms (cache miss)
1419 http fetch GET 200 https://registry.npmjs.org/is-weakmap/-/is-weakmap-2.0.2.tgz 23274ms (cache miss)
1420 http fetch GET 200 https://registry.npmjs.org/is-bigint/-/is-bigint-1.1.0.tgz 23389ms (cache miss)
1421 http fetch GET 200 https://registry.npmjs.org/is-date-object/-/is-date-object-1.1.0.tgz 23529ms (cache miss)
1422 http fetch GET 200 https://registry.npmjs.org/is-generator-function/-/is-generator-function-1.1.2.tgz 23569ms (cache miss)
1423 http fetch GET 200 https://registry.npmjs.org/is-core-module/-/is-core-module-2.16.2.tgz 23623ms (cache miss)
1424 http fetch GET 200 https://registry.npmjs.org/is-bun-module/-/is-bun-module-2.0.0.tgz 23679ms (cache miss)
1425 http fetch GET 200 https://registry.npmjs.org/is-async-function/-/is-async-function-2.1.1.tgz 23722ms (cache miss)
1426 http fetch GET 200 https://registry.npmjs.org/is-boolean-object/-/is-boolean-object-1.2.2.tgz 23837ms (cache miss)
1427 http fetch GET 200 https://registry.npmjs.org/internal-slot/-/internal-slot-1.1.0.tgz 23837ms (cache miss)
1428 http fetch GET 200 https://registry.npmjs.org/import-fresh/-/import-fresh-3.3.1.tgz 23836ms (cache miss)
1429 http fetch GET 200 https://registry.npmjs.org/is-callable/-/is-callable-1.2.7.tgz 23875ms (cache miss)
1430 http fetch GET 200 https://registry.npmjs.org/ignore/-/ignore-5.3.2.tgz 24307ms (cache miss)
1431 http fetch GET 200 https://registry.npmjs.org/https-proxy-agent/-/https-proxy-agent-7.0.6.tgz 24361ms (cache miss)
1432 http fetch GET 200 https://registry.npmjs.org/is-array-buffer/-/is-array-buffer-3.0.5.tgz 24458ms (cache miss)
1433 http fetch GET 200 https://registry.npmjs.org/iceberg-js/-/iceberg-js-0.8.1.tgz 24505ms (cache miss)
1434 http fetch GET 200 https://registry.npmjs.org/imurmurhash/-/imurmurhash-0.1.4.tgz 24567ms (cache miss)
1435 http fetch GET 200 https://registry.npmjs.org/hasown/-/hasown-2.0.3.tgz 24639ms (cache miss)
1436 http fetch GET 200 https://registry.npmjs.org/has-flag/-/has-flag-4.0.0.tgz 24720ms (cache miss)
1437 http fetch GET 200 https://registry.npmjs.org/web-streams-polyfill/-/web-streams-polyfill-3.3.3.tgz 25045ms (cache miss)
1438 http fetch GET 200 https://registry.npmjs.org/jiti/-/jiti-2.7.0.tgz 24943ms (cache miss)
1439 http fetch GET 200 https://registry.npmjs.org/has-tostringtag/-/has-tostringtag-1.0.2.tgz 24965ms (cache miss)
1440 http fetch GET 200 https://registry.npmjs.org/gopd/-/gopd-1.2.0.tgz 24979ms (cache miss)
1441 http fetch GET 200 https://registry.npmjs.org/get-proto/-/get-proto-1.0.1.tgz 25056ms (cache miss)
1442 http fetch GET 200 https://registry.npmjs.org/react-dom/-/react-dom-19.2.4.tgz 25207ms (cache miss)
1443 http fetch GET 200 https://registry.npmjs.org/hermes-estree/-/hermes-estree-0.25.1.tgz 25182ms (cache miss)
1444 http fetch GET 200 https://registry.npmjs.org/has-bigints/-/has-bigints-1.1.0.tgz 25186ms (cache miss)
1445 http fetch GET 200 https://registry.npmjs.org/has-proto/-/has-proto-1.2.0.tgz 25436ms (cache miss)
1446 http fetch GET 200 https://registry.npmjs.org/glob-parent/-/glob-parent-6.0.2.tgz 25514ms (cache miss)
1447 http fetch GET 200 https://registry.npmjs.org/is-number/-/is-number-7.0.0.tgz 25527ms (cache miss)
1448 http fetch GET 200 https://registry.npmjs.org/google-logging-utils/-/google-logging-utils-1.1.3.tgz 25550ms (cache miss)
1449 http fetch GET 200 https://registry.npmjs.org/generator-function/-/generator-function-2.0.1.tgz 25761ms (cache miss)
1450 http fetch GET 200 https://registry.npmjs.org/gaxios/-/gaxios-7.1.4.tgz 25827ms (cache miss)
1451 http fetch GET 200 https://registry.npmjs.org/globalthis/-/globalthis-1.0.4.tgz 25844ms (cache miss)
1452 http fetch GET 200 https://registry.npmjs.org/get-symbol-description/-/get-symbol-description-1.1.0.tgz 25897ms (cache miss)
1453 http fetch GET 200 https://registry.npmjs.org/@typescript-eslint/types/-/types-8.60.0.tgz 26294ms (cache miss)
1454 http fetch GET 200 https://registry.npmjs.org/get-tsconfig/-/get-tsconfig-4.14.0.tgz 25994ms (cache miss)
1455 http fetch GET 200 https://registry.npmjs.org/gensync/-/gensync-1.0.0-beta.2.tgz 26024ms (cache miss)
1456 http fetch GET 200 https://registry.npmjs.org/gcp-metadata/-/gcp-metadata-8.1.2.tgz 26094ms (cache miss)
1457 http fetch GET 200 https://registry.npmjs.org/has-property-descriptors/-/has-property-descriptors-1.0.2.tgz 26128ms (cache miss)
1458 http fetch GET 200 https://registry.npmjs.org/get-intrinsic/-/get-intrinsic-1.3.0.tgz 26191ms (cache miss)
1459 http fetch GET 200 https://registry.npmjs.org/fetch-blob/-/fetch-blob-3.2.0.tgz 26192ms (cache miss)
1460 http fetch GET 200 https://registry.npmjs.org/formdata-polyfill/-/formdata-polyfill-4.0.10.tgz 26216ms (cache miss)
1461 http fetch GET 200 https://registry.npmjs.org/google-auth-library/-/google-auth-library-10.6.2.tgz 26275ms (cache miss)
1462 http fetch GET 200 https://registry.npmjs.org/function.prototype.name/-/function.prototype.name-1.1.8.tgz 26284ms (cache miss)
1463 http fetch GET 200 https://registry.npmjs.org/flatted/-/flatted-3.4.2.tgz 26321ms (cache miss)
1464 http fetch GET 200 https://registry.npmjs.org/globals/-/globals-14.0.0.tgz 26342ms (cache miss)
1465 http fetch GET 200 https://registry.npmjs.org/find-up/-/find-up-5.0.0.tgz 26364ms (cache miss)
1466 http fetch GET 200 https://registry.npmjs.org/graceful-fs/-/graceful-fs-4.2.11.tgz 26394ms (cache miss)
1467 http fetch GET 200 https://registry.npmjs.org/fill-range/-/fill-range-7.1.1.tgz 26408ms (cache miss)
1468 http fetch GET 200 https://registry.npmjs.org/for-each/-/for-each-0.3.5.tgz 26473ms (cache miss)
1469 http fetch GET 200 https://registry.npmjs.org/file-entry-cache/-/file-entry-cache-8.0.0.tgz 26487ms (cache miss)
1470 http fetch GET 200 https://registry.npmjs.org/function-bind/-/function-bind-1.1.2.tgz 26525ms (cache miss)
1471 http fetch GET 200 https://registry.npmjs.org/flat-cache/-/flat-cache-4.0.1.tgz 26527ms (cache miss)
1472 http fetch GET 200 https://registry.npmjs.org/fast-deep-equal/-/fast-deep-equal-3.1.3.tgz 26559ms (cache miss)
1473 http fetch GET 200 https://registry.npmjs.org/esutils/-/esutils-2.0.3.tgz 26581ms (cache miss)
1474 http fetch GET 200 https://registry.npmjs.org/estraverse/-/estraverse-5.3.0.tgz 26599ms (cache miss)
1475 http fetch GET 200 https://registry.npmjs.org/fastq/-/fastq-1.20.1.tgz 26639ms (cache miss)
1476 http fetch GET 200 https://registry.npmjs.org/fast-json-stable-stringify/-/fast-json-stable-stringify-2.1.0.tgz 26648ms (cache miss)
1477 http fetch GET 200 https://registry.npmjs.org/minimist/-/minimist-1.2.8.tgz 26735ms (cache miss)
1478 http fetch GET 200 https://registry.npmjs.org/extend/-/extend-3.0.2.tgz 26766ms (cache miss)
1479 http fetch GET 200 https://registry.npmjs.org/eslint-visitor-keys/-/eslint-visitor-keys-4.2.1.tgz 26791ms (cache miss)
1480 http fetch GET 200 https://registry.npmjs.org/functions-have-names/-/functions-have-names-1.2.3.tgz 26821ms (cache miss)
1481 http fetch GET 200 https://registry.npmjs.org/esrecurse/-/esrecurse-4.3.0.tgz 26858ms (cache miss)
1482 http fetch GET 200 https://registry.npmjs.org/fast-glob/-/fast-glob-3.3.1.tgz 27028ms (cache miss)
1483 http fetch GET 200 https://registry.npmjs.org/espree/-/espree-10.4.0.tgz 27025ms (cache miss)
1484 http fetch GET 200 https://registry.npmjs.org/eslint-import-resolver-typescript/-/eslint-import-resolver-typescript-3.10.1.tgz 27116ms (cache miss)
1485 http fetch GET 200 https://registry.npmjs.org/eslint-module-utils/-/eslint-module-utils-2.12.1.tgz 27291ms (cache miss)
1486 http fetch GET 200 https://registry.npmjs.org/eslint-scope/-/eslint-scope-8.4.0.tgz 27491ms (cache miss)
1487 http fetch GET 200 https://registry.npmjs.org/eslint-import-resolver-node/-/eslint-import-resolver-node-0.3.10.tgz 27639ms (cache miss)
1488 http fetch GET 200 https://registry.npmjs.org/esquery/-/esquery-1.7.0.tgz 27700ms (cache miss)
1489 http fetch GET 200 https://registry.npmjs.org/escalade/-/escalade-3.2.0.tgz 28031ms (cache miss)
1490 http fetch GET 200 https://registry.npmjs.org/eslint-config-next/-/eslint-config-next-16.2.6.tgz 28069ms (cache miss)
1491 http fetch GET 200 https://registry.npmjs.org/hermes-parser/-/hermes-parser-0.25.1.tgz 28181ms (cache miss)
1492 http fetch GET 200 https://registry.npmjs.org/enhanced-resolve/-/enhanced-resolve-5.22.0.tgz 28158ms (cache miss)
1493 http fetch GET 200 https://registry.npmjs.org/es-set-tostringtag/-/es-set-tostringtag-2.1.0.tgz 28235ms (cache miss)
1494 http fetch GET 200 https://registry.npmjs.org/es-object-atoms/-/es-object-atoms-1.1.2.tgz 28239ms (cache miss)
1495 http fetch GET 200 https://registry.npmjs.org/es-to-primitive/-/es-to-primitive-1.3.0.tgz 28262ms (cache miss)
1496 http fetch GET 200 https://registry.npmjs.org/escape-string-regexp/-/escape-string-regexp-4.0.0.tgz 28280ms (cache miss)
1497 http fetch GET 200 https://registry.npmjs.org/es-errors/-/es-errors-1.3.0.tgz 28401ms (cache miss)
1498 http fetch GET 200 https://registry.npmjs.org/es-define-property/-/es-define-property-1.0.1.tgz 28405ms (cache miss)
1499 http fetch GET 200 https://registry.npmjs.org/fast-levenshtein/-/fast-levenshtein-2.0.6.tgz 28439ms (cache miss)
1500 http fetch GET 200 https://registry.npmjs.org/es-shim-unscopables/-/es-shim-unscopables-1.1.0.tgz 28511ms (cache miss)
1501 http fetch GET 200 https://registry.npmjs.org/dunder-proto/-/dunder-proto-1.0.1.tgz 28725ms (cache miss)
1502 http fetch GET 200 https://registry.npmjs.org/ecdsa-sig-formatter/-/ecdsa-sig-formatter-1.0.11.tgz 28840ms (cache miss)
1503 http fetch GET 200 https://registry.npmjs.org/eslint-plugin-react/-/eslint-plugin-react-7.37.5.tgz 28987ms (cache miss)
1504 http fetch GET 200 https://registry.npmjs.org/deep-is/-/deep-is-0.1.4.tgz 29001ms (cache miss)
1505 http fetch GET 200 https://registry.npmjs.org/es-iterator-helpers/-/es-iterator-helpers-1.3.2.tgz 29053ms (cache miss)
1506 http fetch GET 200 https://registry.npmjs.org/electron-to-chromium/-/electron-to-chromium-1.5.362.tgz 29060ms (cache miss)
1507 http fetch GET 200 https://registry.npmjs.org/define-properties/-/define-properties-1.2.1.tgz 29171ms (cache miss)
1508 http fetch GET 200 https://registry.npmjs.org/doctrine/-/doctrine-2.1.0.tgz 29312ms (cache miss)
1509 http fetch GET 200 https://registry.npmjs.org/detect-libc/-/detect-libc-2.1.2.tgz 29403ms (cache miss)
1510 http fetch GET 200 https://registry.npmjs.org/define-data-property/-/define-data-property-1.1.4.tgz 29431ms (cache miss)
1511 http fetch GET 200 https://registry.npmjs.org/data-view-byte-offset/-/data-view-byte-offset-1.0.1.tgz 29470ms (cache miss)
1512 http fetch GET 200 https://registry.npmjs.org/data-view-byte-length/-/data-view-byte-length-1.0.2.tgz 29584ms (cache miss)
1513 http fetch GET 200 https://registry.npmjs.org/emoji-regex/-/emoji-regex-9.2.2.tgz 29636ms (cache miss)
1514 http fetch GET 200 https://registry.npmjs.org/data-view-buffer/-/data-view-buffer-1.0.2.tgz 29647ms (cache miss)
1515 http fetch GET 200 https://registry.npmjs.org/data-uri-to-buffer/-/data-uri-to-buffer-4.0.1.tgz 29666ms (cache miss)
1516 http fetch GET 200 https://registry.npmjs.org/damerau-levenshtein/-/damerau-levenshtein-1.0.8.tgz 29868ms (cache miss)
1517 http fetch GET 200 https://registry.npmjs.org/debug/-/debug-4.4.3.tgz 29889ms (cache miss)
1518 http fetch GET 200 https://registry.npmjs.org/concat-map/-/concat-map-0.0.1.tgz 29885ms (cache miss)
1519 http fetch GET 200 https://registry.npmjs.org/cross-spawn/-/cross-spawn-7.0.6.tgz 29891ms (cache miss)
1520 http fetch GET 200 https://registry.npmjs.org/client-only/-/client-only-0.0.1.tgz 30040ms (cache miss)
1521 http fetch GET 200 https://registry.npmjs.org/callsites/-/callsites-3.1.0.tgz 30043ms (cache miss)
1522 http fetch GET 200 https://registry.npmjs.org/color-name/-/color-name-1.1.4.tgz 30055ms (cache miss)
1523 http fetch GET 200 https://registry.npmjs.org/color-convert/-/color-convert-2.0.1.tgz 30099ms (cache miss)
1524 http fetch GET 200 https://registry.npmjs.org/convert-source-map/-/convert-source-map-2.0.0.tgz 30178ms (cache miss)
1525 http fetch GET 200 https://registry.npmjs.org/call-bind-apply-helpers/-/call-bind-apply-helpers-1.0.2.tgz 30365ms (cache miss)
1526 http fetch GET 200 https://registry.npmjs.org/chalk/-/chalk-4.1.2.tgz 30375ms (cache miss)
1527 http fetch GET 200 https://registry.npmjs.org/call-bound/-/call-bound-1.0.4.tgz 30688ms (cache miss)
1528 http fetch GET 200 https://registry.npmjs.org/browserslist/-/browserslist-4.28.2.tgz 30697ms (cache miss)
1529 http fetch GET 200 https://registry.npmjs.org/call-bind/-/call-bind-1.0.9.tgz 30750ms (cache miss)
1530 http fetch GET 200 https://registry.npmjs.org/buffer-equal-constant-time/-/buffer-equal-constant-time-1.0.1.tgz 30968ms (cache miss)
1531 http fetch GET 200 https://registry.npmjs.org/balanced-match/-/balanced-match-1.0.2.tgz 31037ms (cache miss)
1532 http fetch GET 200 https://registry.npmjs.org/baseline-browser-mapping/-/baseline-browser-mapping-2.10.32.tgz 31330ms (cache miss)
1533 http fetch GET 200 https://registry.npmjs.org/brace-expansion/-/brace-expansion-1.1.15.tgz 31355ms (cache miss)
1534 http fetch GET 200 https://registry.npmjs.org/base64-js/-/base64-js-1.5.1.tgz 31503ms (cache miss)
1535 http fetch GET 200 https://registry.npmjs.org/async-function/-/async-function-1.0.0.tgz 31682ms (cache miss)
1536 http fetch GET 200 https://registry.npmjs.org/eslint/-/eslint-9.39.4.tgz 31824ms (cache miss)
1537 http fetch GET 200 https://registry.npmjs.org/arraybuffer.prototype.slice/-/arraybuffer.prototype.slice-1.0.4.tgz 31918ms (cache miss)
1538 http fetch GET 200 https://registry.npmjs.org/ast-types-flow/-/ast-types-flow-0.0.8.tgz 32050ms (cache miss)
1539 http fetch GET 200 https://registry.npmjs.org/axobject-query/-/axobject-query-4.1.0.tgz 32104ms (cache miss)
1540 http fetch GET 200 https://registry.npmjs.org/bignumber.js/-/bignumber.js-9.3.1.tgz 32118ms (cache miss)
1541 http fetch GET 200 https://registry.npmjs.org/array.prototype.flat/-/array.prototype.flat-1.3.3.tgz 32212ms (cache miss)
1542 http fetch GET 200 https://registry.npmjs.org/array.prototype.tosorted/-/array.prototype.tosorted-1.1.4.tgz 32266ms (cache miss)
1543 http fetch GET 200 https://registry.npmjs.org/array.prototype.flatmap/-/array.prototype.flatmap-1.3.3.tgz 32333ms (cache miss)
1544 http fetch GET 200 https://registry.npmjs.org/braces/-/braces-3.0.3.tgz 32452ms (cache miss)
1545 http fetch GET 200 https://registry.npmjs.org/array-buffer-byte-length/-/array-buffer-byte-length-1.0.2.tgz 32495ms (cache miss)
1546 http fetch GET 200 https://registry.npmjs.org/available-typed-arrays/-/available-typed-arrays-1.0.7.tgz 32524ms (cache miss)
1547 http fetch GET 200 https://registry.npmjs.org/array.prototype.findlast/-/array.prototype.findlast-1.2.5.tgz 32574ms (cache miss)
1548 http fetch GET 200 https://registry.npmjs.org/eslint-plugin-jsx-a11y/-/eslint-plugin-jsx-a11y-6.10.2.tgz 32853ms (cache miss)
1549 http fetch GET 200 https://registry.npmjs.org/ansi-styles/-/ansi-styles-4.3.0.tgz 32789ms (cache miss)
1550 http fetch GET 200 https://registry.npmjs.org/array-includes/-/array-includes-3.1.9.tgz 32841ms (cache miss)
1551 http fetch GET 200 https://registry.npmjs.org/eslint-plugin-import/-/eslint-plugin-import-2.32.0.tgz 33110ms (cache miss)
1552 http fetch GET 200 https://registry.npmjs.org/array.prototype.findlastindex/-/array.prototype.findlastindex-1.2.6.tgz 33187ms (cache miss)
1553 http fetch GET 200 https://registry.npmjs.org/acorn-jsx/-/acorn-jsx-5.3.2.tgz 33191ms (cache miss)
1554 http fetch GET 200 https://registry.npmjs.org/balanced-match/-/balanced-match-4.0.4.tgz 33628ms (cache miss)
1555 http fetch GET 200 https://registry.npmjs.org/agent-base/-/agent-base-7.1.4.tgz 33654ms (cache miss)
1556 http fetch GET 200 https://registry.npmjs.org/semver/-/semver-7.8.1.tgz 33815ms (cache miss)
1557 http fetch GET 200 https://registry.npmjs.org/aria-query/-/aria-query-5.3.2.tgz 33874ms (cache miss)
1558 http fetch GET 200 https://registry.npmjs.org/eslint-visitor-keys/-/eslint-visitor-keys-5.0.1.tgz 34228ms (cache miss)
1559 http fetch GET 200 https://registry.npmjs.org/ignore/-/ignore-7.0.5.tgz 34222ms (cache miss)
1560 http fetch GET 200 https://registry.npmjs.org/acorn/-/acorn-8.16.0.tgz 34468ms (cache miss)
1561 http fetch GET 200 https://registry.npmjs.org/eslint-visitor-keys/-/eslint-visitor-keys-3.4.3.tgz 34547ms (cache miss)
1562 http fetch GET 200 https://registry.npmjs.org/brace-expansion/-/brace-expansion-5.0.6.tgz 34605ms (cache miss)
1563 http fetch GET 200 https://registry.npmjs.org/caniuse-lite/-/caniuse-lite-1.0.30001793.tgz 34723ms (cache miss)
1564 http fetch GET 200 https://registry.npmjs.org/json5/-/json5-1.0.2.tgz 34942ms (cache miss)
1565 http fetch GET 200 https://registry.npmjs.org/fdir/-/fdir-6.5.0.tgz 34960ms (cache miss)
1566 http fetch GET 200 https://registry.npmjs.org/argparse/-/argparse-2.0.1.tgz 35032ms (cache miss)
1567 http fetch GET 200 https://registry.npmjs.org/minimatch/-/minimatch-10.2.5.tgz 35035ms (cache miss)
1568 http fetch GET 200 https://registry.npmjs.org/glob-parent/-/glob-parent-5.1.2.tgz 35126ms (cache miss)
1569 http fetch GET 200 https://registry.npmjs.org/ajv/-/ajv-6.15.0.tgz 35179ms (cache miss)
1570 http fetch GET 200 https://registry.npmjs.org/postcss/-/postcss-8.4.31.tgz 35202ms (cache miss)
1571 http fetch GET 200 https://registry.npmjs.org/debug/-/debug-3.2.7.tgz 35235ms (cache miss)
1572 http fetch GET 200 https://registry.npmjs.org/picomatch/-/picomatch-4.0.4.tgz 35339ms (cache miss)
1573 http fetch GET 200 https://registry.npmjs.org/globals/-/globals-16.4.0.tgz 35487ms (cache miss)
1574 http fetch GET 200 https://registry.npmjs.org/debug/-/debug-3.2.7.tgz 35491ms (cache miss)
1575 http fetch GET 200 https://registry.npmjs.org/semver/-/semver-7.8.1.tgz 35579ms (cache miss)
1576 http fetch GET 200 https://registry.npmjs.org/semver/-/semver-7.8.1.tgz 35763ms (cache miss)
1577 http fetch GET 200 https://registry.npmjs.org/debug/-/debug-3.2.7.tgz 35905ms (cache miss)
1578 http fetch GET 200 https://registry.npmjs.org/es-abstract/-/es-abstract-1.24.2.tgz 36055ms (cache miss)
1579 http fetch GET 200 https://registry.npmjs.org/eslint-plugin-react-hooks/-/eslint-plugin-react-hooks-7.1.1.tgz 36254ms (cache miss)
1580 http fetch GET 200 https://registry.npmjs.org/axe-core/-/axe-core-4.11.4.tgz 38582ms (cache miss)
1581 http fetch GET 200 https://registry.npmjs.org/lightningcss-win32-x64-msvc/-/lightningcss-win32-x64-msvc-1.32.0.tgz 42413ms (cache miss)
1582 http fetch GET 200 https://registry.npmjs.org/typescript/-/typescript-6.0.3.tgz 54130ms (cache miss)
1583 http fetch GET 200 https://registry.npmjs.org/@img/sharp-win32-x64/-/sharp-win32-x64-0.34.5.tgz 54930ms (cache miss)
